Data,Anúncios comerciais (minutos),Tempo de anúncios (em seg.) por hora,Média de espectadores,Mensagens do chat,Participantes do chat,Visualiz. de clipes,Clipes criados,Seguidores,Espectadores de hospedagem e raids (%),Visualiz. ao vivo,Máximo de espectadores,Minutos assistidos,Minutos transmitidos,Espectadores únicos,Sub-receita,Renda com o Prime,Receita de inscrições de presente,Receita de inscrições de presente de múltiplos meses,Receita de Bits,Receita de anúncios,Receita das vendas de jogos,Receita de extensões,Receita de patrocínios,Receita de outras interações com Bits,Inscrições Prime,Total de inscrições pagas,Inscritos Grupo 1,Inscritos Grupo 2,Inscritos Grupo 3,Total de inscrições de presente,Inscrições Grupo 1 de presente,Total de inscrições de presente de múltiplos meses,Inscrições de presente de múltiplos meses do Grupo 1,Inscrições de presente de múltiplos meses do Grupo 2,Inscrições de presente de múltiplos meses do Grupo 3
Mon May 18 2020,0,0,0,0,0,0,0,0,0,0,0,0,0,0,0,0,0,0,0,0,0,0,0,0,0,0,0,0,0,0,0,0,0,0,0
Tue May 19 2020,0,0,1.17,5,1,0,0,2,0,3,2,7,6,2,0,0,0,0,0,0,0,0,0,0,0,0,0,0,0,0,0,0,0,0,0
Wed May 20 2020,0,0,8.9,385,19,8,6,28,30.44,246,58,2457,276,127,0,0,0,0,0,0,0,0,0,0,0,0,0,0,0,0,0,0,0,0,0
Thu May 21 2020,0,0,6.23,216,25,1,2,23,0,92,16,1097,175,49,0,0,0,0,0,0,0,0,0,0,0,0,0,0,0,0,0,0,0,0,0
Fri May 22 2020,0,0,27.83,288,39,4,0,44,15.09,594,128,5288,187,492,0,0,0,0,0,0,0,0,0,0,0,0,0,0,0,0,0,0,0,0,0
Sat May 23 2020,0,0,11.76,442,15,1,0,12,14.56,434,38,4456,370,353,0,0,0,0,0,0,0,0,0,0,0,0,0,0,0,0,0,0,0,0,0
Sun May 24 2020,0,0,3.08,64,7,0,0,3,0,42,6,515,167,25,0,0,0,0,0,0,0,0,0,0,0,0,0,0,0,0,0,0,0,0,0
Mon May 25 2020,0,0,3.96,294,14,0,1,5,0,73,9,765,192,55,0,0,0,0,0,0,0,0,0,0,0,0,0,0,0,0,0,0,0,0,0
Tue May 26 2020,1,14.4,324.44,1173,132,5,7,206,12.4,31004,1794,81109,250,21419,0,1.75,0,0,0,0,0,0,0,0,1,0,0,0,0,0,0,0,0,0,0
Wed May 27 2020,0,0,157.51,603,31,20,1,11,22.31,13557,576,37015,236,9969,1.17,13.98,0,0,0,0.11,0,0,0,0,8,1,1,0,0,0,0,0,0,0,0
Thu May 28 2020,17,209.59,13.22,740,36,0,0,9,7.54,407,93,3861,292,235,0,1.75,0,0,0,0.03,0,0,0,0,1,0,0,0,0,0,0,0,0,0,0
Fri May 29 2020,28,420,177.68,2201,581,13,19,741,44.69,12769,6598,42287,240,9095,0,0,0,0,0,3.04,0,0,0,0,0,0,0,0,0,0,0,0,0,0,0
Sat May 30 2020,21,205.99,460.54,1187,74,71,4,33,27.68,31058,1586,169020,367,22845,0.94,3.5,0,0,0,0.17,0,0,0,0,2,1,1,0,0,0,0,0,0,0,0
Sun May 31 2020,4,39.89,15.77,1217,50,17,1,27,7.49,946,82,5661,361,670,0,3.5,0,0,0,0.2,0,0,0,0,2,0,0,0,0,0,0,0,0,0,0
Mon Jun 01 2020,16,225.88,122.59,815,83,14,6,59,35.3,5057,1639,31261,255,4048,0,0,0,0,0,1.91,0,0,0,0,0,0,0,0,0,0,0,0,0,0,0
Tue Jun 02 2020,27,317.65,93.18,1709,82,9,5,56,44.32,2653,1125,28698,306,2040,0,0,0,0,0,1.01,0,0,0,0,0,0,0,0,0,0,0,0,0,0,0
Wed Jun 03 2020,18,239.11,38.77,2243,42,15,22,4,29.26,723,106,10546,271,464,0,1.75,0,0,0,0.1,0,0,0,0,1,0,0,0,0,0,0,0,0,0,0
Thu Jun 04 2020,18,255.12,19.29,1541,41,22,3,11,9.51,453,32,4919,254,308,0,0,0,0,0,0.13,0,0,0,0,0,0,0,0,0,0,0,0,0,0,0
Fri Jun 05 2020,21,358.29,17.09,887,40,6,4,16,6.26,356,26,3641,211,229,0,0,0,0,0,0.13,0,0,0,0,0,0,0,0,0,0,0,0,0,0,0
Sat Jun 06 2020,30,371.13,12.67,779,43,3,1,7,7.97,377,20,3700,291,252,0,3.5,0,0,0,0.03,0,0,0,0,2,0,0,0,0,0,0,0,0,0,0
Sun Jun 07 2020,24,256.38,11.85,909,46,27,5,17,17.08,367,53,4005,337,255,0,1.75,0,0,0,0.02,0,0,0,0,1,0,0,0,0,0,0,0,0,0,0
Mon Jun 08 2020,18,253.13,69.19,1165,66,1,2,82,43.62,2146,527,17921,256,1796,0,0,0,0,0,0.31,0,0,0,0,0,0,0,0,0,0,0,0,0,0,0
Tue Jun 09 2020,12,168.09,26.39,1125,37,8,0,6,25.55,429,64,6861,257,316,0,0,0,0,0,0.06,0,0,0,0,0,0,0,0,0,0,0,0,0,0,0
Wed Jun 10 2020,0,0,14.96,1080,38,0,0,4,0.92,278,25,3606,237,175,0,0,0,0,0,0.05,0,0,0,0,0,0,0,0,0,0,0,0,0,0,0
Thu Jun 11 2020,0,0,13.54,1510,40,10,10,10,1.45,385,22,3994,293,169,0,0,0,0,0,0.04,0,0,0,0,0,0,0,0,0,0,0,0,0,0,0
Fri Jun 12 2020,3,44.44,9.03,1040,32,16,11,7,1.21,360,18,2230,243,220,0,0,0,0,0,0.08,0,0,0,0,0,0,0,0,0,0,0,0,0,0,0
Sat Jun 13 2020,6,86.75,9.76,968,31,90,6,6,0,211,16,2509,249,126,0,0,0,0,0,0.03,0,0,0,0,0,0,0,0,0,0,0,0,0,0,0
Sun Jun 14 2020,18,352.17,12.33,509,25,0,1,4,0,140,19,2293,184,95,0,0,0,0,0.18,0.07,0,0,0,0,0,0,0,0,0,0,0,0,0,0,0
Mon Jun 15 2020,9,341.05,7.27,590,28,0,18,7,0,139,15,1338,95,97,0,1.75,0,0,0.07,0.06,0,0,0,0,1,0,0,0,0,0,0,0,0,0,0
Tue Jun 16 2020,18,285.46,10.46,1017,37,3,22,4,10.28,203,43,2364,227,131,0,0,0,0,0,0.13,0,0,0,0,0,0,0,0,0,0,0,0,0,0,0
Wed Jun 17 2020,24,354.1,9.29,783,25,5,3,1,0.84,157,15,2266,244,94,0,0,0,0,0,0.08,0,0,0,0,0,0,0,0,0,0,0,0,0,0,0
Thu Jun 18 2020,15,163.14,8.82,1300,38,2,11,5,4.93,174,15,2920,331,108,0,0,0,0,0,0.03,0,0,0,0,0,0,0,0,0,0,0,0,0,0,0
Fri Jun 19 2020,3,38.43,11.32,1881,28,4,3,2,0,143,23,3182,281,71,0,0,0,0,0,0.03,0,0,0,0,0,0,0,0,0,0,0,0,0,0,0
Sat Jun 20 2020,27,370.99,9.06,1411,24,28,8,1,0,135,15,2373,262,79,0,1.75,0,0,0,0.14,0,0,0,0,1,0,0,0,0,0,0,0,0,0,0
Sun Jun 21 2020,27,332.88,8.41,906,22,11,4,2,16.32,127,13,2457,292,79,0,0,0,0,1.85,0.06,0,0,0,0,0,0,0,0,0,0,0,0,0,0,0
Mon Jun 22 2020,18,208.36,11.71,1413,27,18,15,3,14.69,191,76,3655,311,141,0,0,0,0,0,0.02,0,0,0,0,0,0,0,0,0,0,0,0,0,0,0
Tue Jun 23 2020,18,222.68,8.7,652,22,2,4,2,10.11,169,73,2533,291,117,0,0,0,0,0,0.06,0,0,0,0,0,0,0,0,0,0,0,0,0,0,0
Wed Jun 24 2020,27,304.7,10.38,1205,25,2,7,0,4.35,131,15,3312,319,87,1,1.75,0,0,0,0.06,0,0,0,0,1,1,1,0,0,0,0,0,0,0,0
Thu Jun 25 2020,12,225,9.94,888,20,0,5,1,3.51,101,15,1909,192,56,0,0,0,0,0,0.01,0,0,0,0,0,0,0,0,0,0,0,0,0,0,0
Fri Jun 26 2020,9,279.31,9.57,398,28,0,0,4,17.38,100,45,1139,116,76,0,0,0,0,0,0.02,0,0,0,0,0,0,0,0,0,0,0,0,0,0,0
Sat Jun 27 2020,0,0,8.97,988,25,0,2,7,6.58,193,20,2386,265,108,1.15,1.75,0,0,0,0.02,0,0,0,0,1,1,1,0,0,0,0,0,0,0,0
Sun Jun 28 2020,0,0,7.31,1048,19,0,3,1,2.26,104,14,1550,210,65,0,1.75,0,0,0,0,0,0,0,0,1,0,0,0,0,0,0,0,0,0,0
Mon Jun 29 2020,0,0,0,0,0,0,0,2,0,0,0,0,0,0,0,0,0,0,0,0,0,0,0,0,0,0,0,0,0,0,0,0,0,0,0
Tue Jun 30 2020,0,0,8.26,454,13,0,1,4,0,46,13,504,61,25,0,0,0,0,0,0.02,0,0,0,0,0,0,0,0,0,0,0,0,0,0,0
Wed Jul 01 2020,0,0,8.13,1168,29,3,1,3,0.05,178,13,2186,268,87,1.15,0,0,0,0.5,0.01,0,0,0,0,0,1,1,0,0,0,0,0,0,0,0
Thu Jul 02 2020,6,99.54,8.83,573,23,6,3,15,0.1,127,15,1924,217,89,0,1.75,0,0,0,0.05,0,0,0,0,1,0,0,0,0,0,0,0,0,0,0
Fri Jul 03 2020,15,262.14,7.34,980,20,5,3,10,0,94,14,1513,206,62,0,0,0,0,0,0.03,0,0,0,0,0,0,0,0,0,0,0,0,0,0,0
Sat Jul 04 2020,27,387.25,7.16,1300,22,4,3,7,0.11,144,15,1798,251,94,0,0,0,0,0,0,0,0,0,0,0,0,0,0,0,0,0,0,0,0,0
Sun Jul 05 2020,0,0,0,2,1,0,0,2,0,0,0,0,0,0,0,0,0,0,0,0,0,0,0,0,0,0,0,0,0,0,0,0,0,0,0
Mon Jul 06 2020,6,131.71,7.59,649,18,0,3,6,0.8,116,13,1244,164,83,0,0,0,0,0,0.01,0,0,0,0,0,0,0,0,0,0,0,0,0,0,0
Tue Jul 07 2020,0,0,8.52,146,20,0,1,3,5.33,43,16,375,44,31,0,3.5,0,0,0,0.01,0,0,0,0,2,0,0,0,0,0,0,0,0,0,0
Wed Jul 08 2020,0,0,5.76,487,19,0,2,6,0,84,11,922,161,43,0,0,0,0,0,0.01,0,0,0,0,0,0,0,0,0,0,0,0,0,0,0
Thu Jul 09 2020,0,0,8.95,554,29,0,0,16,11.76,188,51,1701,197,114,0,0,0,0,0.5,0.02,0,0,0,0,0,0,0,0,0,0,0,0,0,0,0
Fri Jul 10 2020,9,162.81,5.66,525,21,0,1,3,0.53,161,16,1131,199,68,0,0,0,0,0,0.07,0,0,0,0,0,0,0,0,0,0,0,0,0,0,0
Sat Jul 11 2020,15,461.54,5.84,403,14,8,1,2,11.42,90,10,683,117,25,0,1.75,0,0,0,0.01,0,0,0,0,1,0,0,0,0,0,0,0,0,0,0
Sun Jul 12 2020,0,0,0,0,0,2,0,0,0,0,0,0,0,0,0,0,0,0,0,0,0,0,0,0,0,0,0,0,0,0,0,0,0,0,0
Mon Jul 13 2020,0,0,0,3,1,0,0,5,0,0,0,0,0,0,0,0,0,0,0,0.01,0,0,0,0,0,0,0,0,0,0,0,0,0,0,0
Tue Jul 14 2020,0,0,0,2,1,1,0,2,0,0,0,0,0,0,0,0,0,0,0,0.01,0,0,0,0,0,0,0,0,0,0,0,0,0,0,0
Wed Jul 15 2020,0,0,13.2,460,34,0,0,5,18,130,24,1267,96,71,0,1.75,0,0,0,0.04,0,0,0,0,1,0,0,0,0,0,0,0,0,0,0
Thu Jul 16 2020,0,0,9.2,581,37,6,1,9,5.76,185,45,2429,264,110,0,0,0,0,0.01,0.03,0,0,0,0,0,0,0,0,0,0,0,0,0,0,0
Fri Jul 17 2020,0,0,6.78,445,17,0,0,1,6.2,92,15,1193,176,53,0,1.75,0,0,0,0.01,0,0,0,0,1,0,0,0,0,0,0,0,0,0,0
Sat Jul 18 2020,0,0,7.45,475,12,7,8,0,3.87,51,10,1215,163,33,1.51,0,0,0,0,0,0,0,0,0,0,1,1,0,0,0,0,0,0,0,0
Sun Jul 19 2020,0,0,5.4,462,17,2,6,2,0,56,10,886,164,33,0,0,0,0,0,0.01,0,0,0,0,0,0,0,0,0,0,0,0,0,0,0
Mon Jul 20 2020,0,0,7.18,623,25,13,7,3,0.13,116,14,1550,216,71,1.17,1.75,0,0,2.5,0.01,0,0,0,0,1,1,1,0,0,0,0,0,0,0,0
Tue Jul 21 2020,0,0,9.47,736,29,2,3,4,2.69,176,20,2377,251,99,0,0,0,0,0.4,0.03,0,0,0,0,0,0,0,0,0,0,0,0,0,0,0
Wed Jul 22 2020,0,0,6.6,2836,25,0,2,2,4.67,120,15,1564,236,64,0,0,0,0,0,0.02,0,0,0,0,0,0,0,0,0,0,0,0,0,0,0
Thu Jul 23 2020,0,0,9.75,1970,30,7,7,4,11.31,177,35,2574,264,80,0,0,0,0,0,0.02,0,0,0,0,0,0,0,0,0,0,0,0,0,0,0
Fri Jul 24 2020,0,0,12.77,473,29,37,3,5,18.54,196,49,2120,166,130,1,0,0,0,0,0.01,0,0,0,0,0,1,1,0,0,0,0,0,0,0,0
Sat Jul 25 2020,0,0,12.32,493,27,4,4,4,3.98,95,17,1306,106,55,1.09,5.24,0,0,0,0.02,0,0,0,0,3,1,1,0,0,0,0,0,0,0,0
Sun Jul 26 2020,0,0,15.18,497,16,2,5,6,0.19,119,20,2140,141,95,0,3.5,0,0,0,0.01,0,0,0,0,2,0,0,0,0,0,0,0,0,0,0
Mon Jul 27 2020,0,0,6.3,560,16,0,0,2,0,67,14,1077,171,40,1.2,0,0,0,0,0.35,0,0,0,0,0,1,1,0,0,0,0,0,0,0,0
Tue Jul 28 2020,1,10.56,61.1,1229,42,3,1,24,68.48,1323,755,20835,341,1078,0,1.75,0,0,0,0.01,0,0,0,0,1,0,0,0,0,0,0,0,0,0,0
Wed Jul 29 2020,0,0,5.87,323,24,0,1,4,0.88,127,11,1357,230,68,0,0,0,0,0.1,0.01,0,0,0,0,0,0,0,0,0,0,0,0,0,0,0
Thu Jul 30 2020,0,0,97.79,789,107,9,8,107,58.27,2346,1522,25327,259,1981,0,0,0,0,0,0.29,0,0,0,0,0,0,0,0,0,0,0,0,0,0,0
Fri Jul 31 2020,0,0,71.01,502,30,25,2,8,62.4,687,416,15055,212,588,0,1.75,0,0,0,0.04,0,0,0,0,1,0,0,0,0,0,0,0,0,0,0
Sat Aug 01 2020,0,0,72.32,202,20,43,4,4,63.25,294,114,8462,117,229,1.2,0,0,0,0,0,0,0,0,0,0,1,1,0,0,0,0,0,0,0,0
Sun Aug 02 2020,0,0,0,1,1,2,0,1,0,0,0,0,0,0,0,0,0,0,0,0,0,0,0,0,0,0,0,0,0,0,0,0,0,0,0
Mon Aug 03 2020,0,0,14.44,548,37,4,3,6,4.23,262,31,2527,175,171,0,0,0,0,0,0.02,0,0,0,0,0,0,0,0,0,0,0,0,0,0,0
Tue Aug 04 2020,0,0,16.37,1115,86,25,5,95,1.62,951,205,6041,369,724,1.18,0,0,0,0,0.14,0,0,0,0,0,1,1,0,0,0,0,0,0,0,0
Wed Aug 05 2020,0,0,13.73,457,49,14,3,61,1.02,533,83,3831,279,388,1.12,3.5,0,0,0,0.04,0,0,0,0,2,1,1,0,0,0,0,0,0,0,0
Thu Aug 06 2020,0,0,7.26,474,28,5,2,6,1.22,168,15,2221,306,116,1.18,0,0,0,0,0.04,0,0,0,0,0,1,1,0,0,0,0,0,0,0,0
Fri Aug 07 2020,1,14.29,13.19,635,35,7,5,9,34.17,338,102,3351,252,228,0,1.75,0,0,0,0.04,0,0,0,0,1,0,0,0,0,0,0,0,0,0,0
Sat Aug 08 2020,0,0,8.32,225,19,1,0,3,25.7,92,13,1498,180,70,0,0,0,0,0,0,0,0,0,0,0,0,0,0,0,0,0,0,0,0,0
Sun Aug 09 2020,0,0,0,4,2,0,0,1,0,0,0,0,0,0,0,0,0,0,0,0,0,0,0,0,0,0,0,0,0,0,0,0,0,0,0
Mon Aug 10 2020,0,0,9.1,455,25,1,0,3,1,133,15,1602,176,79,0,0,0,0,0,0.04,0,0,0,0,0,0,0,0,0,0,0,0,0,0,0
Tue Aug 11 2020,0,0,16.36,338,36,0,1,5,42.96,326,139,4760,291,243,0,3.5,0,0,1,0.02,0,0,0,0,2,0,0,0,0,0,0,0,0,0,0
Wed Aug 12 2020,0,0,7.79,939,36,0,2,16,24.94,217,72,2430,312,147,0,3.5,0,0,0,0.02,0,0,0,0,2,0,0,0,0,0,0,0,0,0,0
Thu Aug 13 2020,0,0,12.71,1001,35,3,6,17,28.5,303,78,3470,273,201,0,0,0,0,0,0.05,0,0,0,0,0,0,0,0,0,0,0,0,0,0,0
Fri Aug 14 2020,0,0,22.56,358,15,30,0,4,41.52,97,32,2324,103,71,1.45,0,0,0,0,0,0,0,0,0,0,1,1,0,0,0,0,0,0,0,0
Sat Aug 15 2020,0,0,0,0,0,3,0,0,0,4,0,0,0,3,0,0,0,0,0,0,0,0,0,0,0,0,0,0,0,0,0,0,0,0,0
Sun Aug 16 2020,0,0,0,1,1,1,0,2,0,0,0,0,0,0,0,1.75,0,0,0,0,0,0,0,0,1,0,0,0,0,0,0,0,0,0,0
Mon Aug 17 2020,0,0,9.4,566,25,0,0,4,13.78,125,22,1655,176,87,0,0,0,0,0,0.03,0,0,0,0,0,0,0,0,0,0,0,0,0,0,0
Tue Aug 18 2020,0,0,64.63,583,44,0,4,14,47.26,1431,799,13120,203,1197,1.51,3.5,3.27,0,0.04,0.07,0,0,0,0,2,1,1,0,0,2,2,0,0,0,0
Wed Aug 19 2020,1.5,25.59,19.91,373,27,4,0,2,33.25,249,91,4202,211,163,0,0,0,0,0.02,0.01,0,0,0,0,0,0,0,0,0,0,0,0,0,0,0
Thu Aug 20 2020,0,0,7.84,363,29,3,1,8,5.22,229,22,2243,286,136,0,3.5,0,0,0.06,0.02,0,0,0,0,2,0,0,0,0,0,0,0,0,0,0
Fri Aug 21 2020,0,0,8.28,420,25,5,5,3,3.73,182,15,2037,245,79,0,1.75,0,0,0.01,0.02,0,0,0,0,1,0,0,0,0,0,0,0,0,0,0
Sat Aug 22 2020,3,131.71,8.82,245,13,16,8,2,0,49,18,723,82,31,0,0,0,0,0,0,0,0,0,0,0,0,0,0,0,0,0,0,0,0,0
Sun Aug 23 2020,0,0,0,0,0,0,0,0,0,1,0,0,0,1,0,0,0,0,0,0,0,0,0,0,0,0,0,0,0,0,0,0,0,0,0
Mon Aug 24 2020,0,0,10.03,243,30,1,1,13,20.69,154,56,1735,173,108,1,0,0,0,0,0.01,0,0,0,0,0,1,1,0,0,0,0,0,0,0,0
Tue Aug 25 2020,0,0,10.03,634,27,14,16,3,10.68,182,21,2687,267,122,1,0,0,0,0,0.01,0,0,0,0,0,1,1,0,0,0,0,0,0,0,0
Wed Aug 26 2020,0,0,7.64,423,18,73,4,1,0.11,100,14,1819,238,70,0,1.75,0,0,1,0.02,0,0,0,0,1,0,0,0,0,0,0,0,0,0,0
Thu Aug 27 2020,0,0,7.94,342,19,19,5,9,11.82,139,37,2048,258,96,1.12,0,0,0,0,0.01,0,0.16,0,0,0,1,1,0,0,0,0,0,0,0,0
Fri Aug 28 2020,0,0,7.15,435,26,9,3,2,6.93,108,13,1702,237,79,0,1.75,0,0,0,0.82,0,0,0,0,1,0,0,0,0,0,0,0,0,0,0
Sat Aug 29 2020,3,82.44,788.69,1915,420,220,16,522,30.9,8963,6674,103319,131,7658,0,0,10.12,0,0,0.01,0,0,0,0,0,0,0,0,0,6,6,0,0,0,0
Sun Aug 30 2020,0,0,0,0,0,20,0,0,0,0,0,0,0,0,0,0,0,0,0,0,0,0,0,0,0,0,0,0,0,0,0,0,0,0,0
Mon Aug 31 2020,0,0,6.38,338,27,11,1,8,0,220,17,1047,164,184,0,0,0,0,0,0.03,0,0,0,0,0,0,0,0,0,0,0,0,0,0,0
Tue Sep 01 2020,0,0,12.74,544,34,5,5,16,17.58,404,71,2981,234,335,0,0,0,0,0.01,0.02,0,0,0,0,0,0,0,0,0,0,0,0,0,0,0
Wed Sep 02 2020,0,0,9.56,724,26,47,0,10,6.96,268,17,2313,242,220,0,0,0,0,0,0.01,0,0,0,0,0,0,0,0,0,0,0,0,0,0,0
Thu Sep 03 2020,0,0,10.72,792,43,2,8,13,3.34,332,60,2604,244,240,0,0,0,0,0,0.05,0,0.08,0,0,0,0,0,0,0,0,0,0,0,0,0
Fri Sep 04 2020,0,0,18.84,587,22,13,0,5,19.52,144,38,1639,87,108,0,1.75,0,0,0.06,0,0,0,0,0,1,0,0,0,0,0,0,0,0,0,0
Sat Sep 05 2020,0,0,0,0,0,2,0,0,0,0,0,0,0,0,0,0,0,0,0,0,0,0,0,0,0,0,0,0,0,0,0,0,0,0,0
Sun Sep 06 2020,0,0,0,10,2,2,0,0,0,1,0,0,0,1,0,0,0,0,0,0,0,0,0,0,0,0,0,0,0,0,0,0,0,0,0
Mon Sep 07 2020,0,0,11.01,832,29,1,6,1,0,138,16,2058,187,96,0,0,0,0,0,0.02,0,0,0,0,0,0,0,0,0,0,0,0,0,0,0
Tue Sep 08 2020,0,0,9.82,702,28,33,6,1,1.3,183,16,2299,234,116,0,3.5,0,0,0,0.02,0,0,0,0,2,0,0,0,0,0,0,0,0,0,0
Wed Sep 09 2020,0,0,26.63,1022,46,12,4,68,35.38,628,275,6178,232,508,0,1.75,0,0,0.08,0.17,0,0,0,0,1,0,0,0,0,0,0,0,0,0,0
Thu Sep 10 2020,0,0,68.23,209,14,9,0,10,51.37,184,80,4162,61,168,0,0,0,0,0,0,0,0,0,0,0,0,0,0,0,0,0,0,0,0,0
Fri Sep 11 2020,0,0,8.46,430,21,2,2,4,4.81,123,18,1413,167,77,0,0,0,0,0,0.01,0,0,0,0,0,0,0,0,0,0,0,0,0,0,0
Sat Sep 12 2020,0,0,8.21,265,14,5,6,1,14.31,66,17,1272,154,49,0,0,0,0,0,0,0,0,0,0,0,0,0,0,0,0,0,0,0,0,0
Sun Sep 13 2020,0,0,0,0,0,0,0,0,0,0,0,0,0,0,0,0,0,0,0,0,0,0,0,0,0,0,0,0,0,0,0,0,0,0,0
Mon Sep 14 2020,0,0,11.6,658,34,0,4,45,7.29,362,60,1949,168,240,1.47,0,0,0,0,0.03,0,0,0,0,0,1,1,0,0,0,0,0,0,0,0
Tue Sep 15 2020,2,20.81,56.05,1538,141,32,7,183,30.53,1712,868,19395,346,1288,0,0,0,0,0,0.03,0,0,0,0,0,0,0,0,0,0,0,0,0,0,0
Wed Sep 16 2020,0,0,9.88,569,26,14,6,10,11.7,274,26,2351,238,181,0,1.75,0,0,1,0.05,0,0.08,0,0,1,0,0,0,0,0,0,0,0,0,0
Thu Sep 17 2020,0,0,10.91,925,54,22,1,75,5.89,628,44,3449,316,443,0,5.24,0,0,0,0.02,0,0,0,0,3,0,0,0,0,0,0,0,0,0,0
Fri Sep 18 2020,0,0,11.82,690,40,4,1,22,3.29,414,29,3344,283,281,1.51,1.75,0,0,0.15,0.01,0,0,0,0,1,1,1,0,0,0,0,0,0,0,0
Sat Sep 19 2020,0,0,9.67,295,16,0,8,1,9.38,78,18,1247,129,57,0,0,0,0,1.4,0.01,0,0.08,0,0,0,0,0,0,0,0,0,0,0,0,0
Sun Sep 20 2020,0,0,0,0,0,16,0,0,0,1,0,0,0,1,0,0,0,0,0,0,0,0,0,0,0,0,0,0,0,0,0,0,0,0,0
Mon Sep 21 2020,0,0,9.91,779,34,1,3,19,0.63,614,28,4101,413,340,1.12,0,0,0,0,0.05,0,0,0,0,0,1,1,0,0,0,0,0,0,0,0
Tue Sep 22 2020,0,0,0,0,0,0,1,0,0,1,0,0,0,1,0,0,0,0,0,0,0,0,0,0,0,0,0,0,0,0,0,0,0,0,0
Wed Sep 23 2020,0,0,8.11,255,22,0,3,4,8.25,119,18,1297,160,85,0,0,0,0,0,0.01,0,0,0,0,0,0,0,0,0,0,0,0,0,0,0
Thu Sep 24 2020,0,0,11.19,829,29,16,7,12,0.99,159,17,1914,171,109,0,0,0,0,0,0.02,0,0,0,0,0,0,0,0,0,0,0,0,0,0,0
Fri Sep 25 2020,0,0,10.17,947,33,19,2,15,7.9,263,31,3315,326,173,2.15,3.5,0,0,0.32,0.02,0,1.36,0,0,2,2,2,0,0,0,0,0,0,0,0
Sat Sep 26 2020,0,0,12.09,196,15,18,1,5,8.7,55,16,943,77,41,0,1.75,0,0,1,0.01,0,0.24,0,0,1,0,0,0,0,0,0,0,0,0,0
Sun Sep 27 2020,0,0,0,0,0,7,0,0,0,0,0,0,0,0,1.13,0,0,0,0,0,0,0,0,0,0,1,1,0,0,0,0,0,0,0,0
Mon Sep 28 2020,0,0,8.99,560,21,1,1,3,0.22,139,14,1384,154,102,0,0,0,0,0,0.01,0,0,0,0,0,0,0,0,0,0,0,0,0,0,0
Tue Sep 29 2020,2,38.92,11.24,331,32,4,3,12,0.96,211,23,2080,185,133,0,1.75,0,0,0,0.04,0,0.16,0,0,1,0,0,0,0,0,0,0,0,0,0
Wed Sep 30 2020,0,0,12.13,94,12,3,0,2,5.5,24,16,291,24,21,0,0,7,0,0,0.01,0,0,0,0,0,0,0,0,0,5,5,0,0,0,0
Thu Oct 01 2020,4,91.72,83.04,609,79,5,0,36,49.08,1395,952,13037,157,1218,0,0,0,0,0,0.25,0,0,0,0,0,0,0,0,0,0,0,0,0,0,0
Fri Oct 02 2020,0,0,18.33,933,39,92,5,6,33.79,218,59,3977,218,152,1.37,1.75,0,0,0,0.02,0,0,0,0,1,1,1,0,0,0,0,0,0,0,0
Sat Oct 03 2020,0,0,10.6,849,22,203,3,4,11.9,234,24,2386,225,171,0,0,0,0,0.2,0.01,0,0.08,0,0,0,0,0,0,0,0,0,0,0,0,0
Sun Oct 04 2020,0,0,0,0,0,7,0,0,0,0,0,0,0,0,0,0,0,0,0,0,0,0,0,0,0,0,0,0,0,0,0,0,0,0,0
Mon Oct 05 2020,15,367.35,11.18,512,24,93,2,2,0.25,124,19,1632,147,86,0,0,0,0,0,0.03,0,0,0,0,0,0,0,0,0,0,0,0,0,0,0
Tue Oct 06 2020,24,351.22,9.37,578,38,18,2,4,7.13,193,18,2315,246,126,0,1.75,0,0,0,0.05,0,0,0,0,1,0,0,0,0,0,0,0,0,0,0
Wed Oct 07 2020,33,363.3,9.44,1077,243,24,2,14,13.96,333,30,3087,327,229,0,3.5,0,0,0,0.01,0,0,0,0,2,0,0,0,0,0,0,0,0,0,0
Thu Oct 08 2020,6,103.35,10.45,788,30,0,11,5,5.14,155,20,2373,209,103,0,1.75,0,0,0,0.02,0,0,0,0,1,0,0,0,0,0,0,0,0,0,0
Fri Oct 09 2020,15,160.71,9.31,1034,29,62,2,9,8.11,247,18,3157,336,162,1.24,0,0,0,0,0.06,0,0.16,0,0,0,1,1,0,0,0,0,0,0,0,0
Sat Oct 10 2020,21,395.81,8.86,631,15,10,6,1,14.34,131,15,1701,191,93,0,1.75,0,0,0,0,0,0,0,0,1,0,0,0,0,0,0,0,0,0,0
Sun Oct 11 2020,0,0,0,0,0,19,0,0,0,0,0,0,0,0,0,0,0,0,0,0,0,0,0,0,0,0,0,0,0,0,0,0,0,0,0
Mon Oct 12 2020,0,0,0,2,1,3,0,2,0,0,0,0,0,0,0,0,0,0,0,0.01,0,0,0,0,0,0,0,0,0,0,0,0,0,0,0
Tue Oct 13 2020,0,0,22.91,886,38,3,20,3,26.1,199,78,2245,98,129,0,0,0,0,0,0.01,0,0,0,0,0,0,0,0,0,0,0,0,0,0,0
Wed Oct 14 2020,18,383.43,12.76,692,34,39,2,5,3.54,196,46,2144,169,138,0,1.75,0,0,0.07,0.05,0,0,0,0,1,0,0,0,0,0,0,0,0,0,0
Thu Oct 15 2020,6,88.52,10.31,1199,41,1,2,3,1.67,192,17,2516,244,124,0,0,0,0,0,0.01,0,0,0,0,0,0,0,0,0,0,0,0,0,0,0
Fri Oct 16 2020,18,217.45,12.84,1042,39,1,0,10,18.21,270,100,3827,298,210,0,0,0,0,0,0.12,0,0,0,0,0,0,0,0,0,0,0,0,0,0,0
Sat Oct 17 2020,18,350.27,13.58,611,23,3,1,8,23.89,133,22,2512,185,98,0,1.75,0.8,0,0,0.01,0,0,0,0,1,0,0,0,0,1,1,0,0,0,0
Sun Oct 18 2020,0,0,0,0,0,0,0,0,0,0,0,0,0,0,1.51,0,0,0,0,0,0,0,0,0,0,1,1,0,0,0,0,0,0,0,0
Mon Oct 19 2020,18,368.18,11.19,562,23,4,7,4,6.33,182,28,1958,176,125,0,0,0,0,0,0.26,0,0,0,0,0,0,0,0,0,0,0,0,0,0,0
Tue Oct 20 2020,15,173.63,28.18,1006,64,18,4,38,30.54,706,320,8765,311,545,0,0,0,0,0.25,0.04,0,0,0,0,0,0,0,0,0,0,0,0,0,0,0
Wed Oct 21 2020,0,0,14.01,737,42,2,1,12,4.59,243,27,3446,245,173,1.03,0,0,0,0,0.03,0,0,0,0,0,1,1,0,0,0,0,0,0,0,0
Thu Oct 22 2020,0,0,10.99,351,13,1,0,1,0.11,40,13,945,86,33,0,1.75,0,0,0,0.01,0,0,0,0,1,0,0,0,0,0,0,0,0,0,0
Fri Oct 23 2020,0,0,13.02,539,25,2,13,2,0,158,20,2018,156,91,0,0,0,0,0,0.07,0,0,0,0,0,0,0,0,0,0,0,0,0,0,0
Sat Oct 24 2020,0,0,10.67,1392,34,61,4,3,0.21,358,18,6178,578,218,0,0,0,0,0,0.09,0,0,0,0,0,0,0,0,0,0,0,0,0,0,0
Sun Oct 25 2020,0,0,12.13,183,22,31,2,5,5.42,143,25,2122,175,106,1.03,1.75,0,0,0,0.01,0,0,0,0,1,1,1,0,0,0,0,0,0,0,0
Mon Oct 26 2020,0,0,16.76,599,24,12,8,3,0,166,24,2748,163,86,0,0,0,0,0,0.02,0,0,0,0,0,0,0,0,0,0,0,0,0,0,0
Tue Oct 27 2020,0,0,14.42,1043,43,26,8,6,7.98,338,71,5738,398,229,1.11,1.75,0,0,0,0.02,0,0.32,0,0,1,1,1,0,0,0,0,0,0,0,0
Wed Oct 28 2020,0,0,14.7,866,36,16,5,3,8.28,269,35,3985,272,156,0,1.75,0,0,0.05,0.02,0,0,0,0,1,0,0,0,0,0,0,0,0,0,0
Thu Oct 29 2020,0,0,12.44,722,31,35,9,3,1.8,194,24,2886,232,91,0,1.75,0,0,0,0.13,0,0.08,0,0,1,0,0,0,0,0,0,0,0,0,0
Fri Oct 30 2020,0,0,28.04,971,68,20,10,45,28.66,635,338,7459,265,433,0,0,4.9,0,0.1,0.04,0,0.08,0,0,0,0,0,0,0,3,3,0,0,0,0
Sat Oct 31 2020,0,0,12.25,206,19,78,26,1,0.87,88,18,1495,122,58,0,0,0,0,0,0,0,0,0,0,0,0,0,0,0,0,0,0,0,0,0
Sun Nov 01 2020,0,0,0,0,0,5,0,0,0,0,0,0,0,0,0,0,0,0,0,0,0,0,0,0,0,0,0,0,0,0,0,0,0,0,0
Mon Nov 02 2020,0,0,0,0,0,2,0,0,0,0,0,0,0,0,0,0,0,0,0,0,0,0,0,0,0,0,0,0,0,0,0,0,0,0,0
Tue Nov 03 2020,0,0,14.43,1018,30,4,15,3,2.02,163,21,2424,169,111,0,0,0,0,0,0.04,0,0,0,0,0,0,0,0,0,0,0,0,0,0,0
Wed Nov 04 2020,0,0,13.03,931,26,10,6,2,0,190,21,3063,234,130,0,1.75,0,0,0,0.02,0,0,0,0,1,0,0,0,0,0,0,0,0,0,0
Thu Nov 05 2020,0,0,17.52,1220,40,0,6,8,9.37,355,64,4046,231,271,0,0,0,0,0,0.07,0,0,0,0,0,0,0,0,0,0,0,0,0,0,0
Fri Nov 06 2020,0,0,20.49,235,21,3,0,1,9.76,85,30,1209,59,55,0,1.75,1.06,0,0,0.01,0,0.08,0,0,1,0,0,0,0,1,1,0,0,0,0
Sat Nov 07 2020,0,0,14.1,1153,38,0,2,8,1.89,333,30,4385,312,193,0,1.75,0,0,0,0.09,0,0,0,0,1,0,0,0,0,0,0,0,0,0,0
Sun Nov 08 2020,0,0,16.76,392,18,2,1,3,0,97,22,1173,70,76,0,3.5,0,0,0,0,0,0,0,0,2,0,0,0,0,0,0,0,0,0,0
Mon Nov 09 2020,0,0,13.82,784,25,56,0,1,1.16,120,20,2321,169,90,0,0,0,0,0,0.01,0,0,0,0,0,0,0,0,0,0,0,0,0,0,0
Tue Nov 10 2020,0,0,10.98,808,30,7,0,6,3.33,160,22,2283,209,87,0,1.75,0,0,0,0.03,0,0,0,0,1,0,0,0,0,0,0,0,0,0,0
Wed Nov 11 2020,0,0,13.71,1194,39,12,13,5,5.97,307,61,5072,370,180,0,1.75,0,0,0,0.04,0,0.08,0,0,1,0,0,0,0,0,0,0,0,0,0
Thu Nov 12 2020,0,0,17.75,938,42,65,3,8,11.95,416,116,4225,240,275,0,1.75,0,0,0,0.06,0,0,0,0,1,0,0,0,0,0,0,0,0,0,0
Fri Nov 13 2020,0,0,15,92,10,32,0,4,8.28,19,21,435,29,18,1.15,0,0,0,0,0,0,0,0,0,0,1,1,0,0,0,0,0,0,0,0
Sat Nov 14 2020,0,0,0,0,0,13,0,0,0,0,0,0,0,0,0,0,0,0,0,0.01,0,0,0,0,0,0,0,0,0,0,0,0,0,0,0
Sun Nov 15 2020,0,0,0,0,0,0,0,0,0,1,0,0,0,1,0,0,0,0,0,0,0,0,0,0,0,0,0,0,0,0,0,0,0,0,0
Mon Nov 16 2020,0,0,14.38,513,21,0,7,1,0,105,20,2042,142,64,0,0,0,0,0,0.04,0,0,0,0,0,0,0,0,0,0,0,0,0,0,0
Tue Nov 17 2020,0,0,19.37,1411,43,1,3,11,18,442,147,6778,349,304,0,3.5,0,0,0,0.05,0,0,0,0,2,0,0,0,0,0,0,0,0,0,0
Wed Nov 18 2020,0,0,18.7,1534,29,4,6,2,9.35,208,33,4544,242,141,1.79,0,2.94,0,0,0.03,0,0,0,0,0,1,1,0,0,2,2,0,0,0,0
Thu Nov 19 2020,0,0,19.61,1040,43,28,6,6,17.8,394,192,6040,307,285,0,1.75,1.64,0,0,0.04,0,0,0,0,1,0,0,0,0,1,1,0,0,0,0
Fri Nov 20 2020,0,0,28.87,1138,77,0,9,37,22.36,595,328,7651,266,452,0,0,8.49,0,0,0.03,0,0,0,0,0,0,0,0,0,5,5,0,0,0,0
Sat Nov 21 2020,0,0,15.22,143,12,4,0,0,2.74,38,20,913,60,30,0,0,0,0,0,0.01,0,0,0,0,0,0,0,0,0,0,0,0,0,0,0
Sun Nov 22 2020,0,0,0,0,0,0,0,0,0,0,0,0,0,0,0,1.75,0,0,0,0,0,0,0,0,1,0,0,0,0,0,0,0,0,0,0
Mon Nov 23 2020,0,0,18.54,561,29,0,2,2,15.35,220,29,2893,157,136,0,0,0,0,0,0.03,0,0,0,0,0,0,0,0,0,0,0,0,0,0,0
Tue Nov 24 2020,0,0,17.29,788,41,0,2,7,12.01,281,39,4305,249,180,1.04,6.99,0,0,0,0.01,0,0,0,0,4,1,1,0,0,0,0,0,0,0,0
Wed Nov 25 2020,0,0,15.2,863,34,10,10,9,0.98,242,22,3663,240,146,1.03,0,0,0,0.1,0.08,0,0,0,0,0,1,1,0,0,0,0,0,0,0,0
Thu Nov 26 2020,0,0,14.85,905,32,42,5,1,0.34,194,24,3548,240,95,0,1.75,0,0,0,0.05,0,0,0,0,1,0,0,0,0,0,0,0,0,0,0
Fri Nov 27 2020,0,0,10.4,561,26,8,0,2,1.29,131,15,1788,171,59,2.86,0,0,0,0.05,0.04,0,0,0,0,0,2,2,0,0,0,0,0,0,0,0
Sat Nov 28 2020,0,0,12.11,834,19,1,0,1,0,135,19,2023,167,90,0,0,0,0,0,0,0,0,0,0,0,0,0,0,0,0,0,0,0,0,0
Sun Nov 29 2020,0,0,0,0,0,1,0,0,0,0,0,0,0,0,0,0,0,0,0,0,0,0,0,0,0,0,0,0,0,0,0,0,0,0,0
Mon Nov 30 2020,0,0,15.67,762,30,0,3,5,0.78,174,24,2836,181,123,0,0,0,0,0,0.02,0,0,0,0,0,0,0,0,0,0,0,0,0,0,0
Tue Dec 01 2020,0,0,17.57,1198,46,8,13,9,11.59,236,47,4710,269,153,0,1.75,0,0,0,0.02,0,0,0,0,1,0,0,0,0,0,0,0,0,0,0
Wed Dec 02 2020,0,0,17.74,813,47,39,0,5,13.38,264,54,4595,259,175,0,0,0,0,0,0.08,0,0,0,0,0,0,0,0,0,0,0,0,0,0,0
Thu Dec 03 2020,0,0,18.37,609,38,5,7,2,4.75,209,81,3197,174,147,0,0,0,0,0,0.08,0,0,0,0,0,0,0,0,0,0,0,0,0,0,0
Fri Dec 04 2020,0,0,12.48,1277,42,46,2,9,6.67,227,35,3956,317,158,0,0,0,0,0.03,0.04,0,0,0,0,0,0,0,0,0,0,0,0,0,0,0
Sat Dec 05 2020,0,0,12.95,228,13,0,0,1,3.92,52,19,842,64,37,0,0,0,0,0,0.01,0,0,0,0,0,0,0,0,0,0,0,0,0,0,0
Sun Dec 06 2020,0,0,0,0,0,10,0,0,0,2,0,0,0,1,0,0,0,0,0,0,0,0,0,0,0,0,0,0,0,0,0,0,0,0,0
Mon Dec 07 2020,0,0,9.73,562,19,0,3,2,0.12,138,15,1703,176,65,0,0,0,0,0,0.07,0,0,0,0,0,0,0,0,0,0,0,0,0,0,0
Tue Dec 08 2020,0,0,9.74,814,28,8,3,2,6.31,194,22,2504,258,106,0,3.5,0,0,0,0.03,0,0,0,0,2,0,0,0,0,0,0,0,0,0,0
Wed Dec 09 2020,0,0,11.29,243,10,0,0,0,10.33,38,14,542,48,29,0,0,0,0,0,0.01,0,0,0,0,0,0,0,0,0,0,0,0,0,0,0
Thu Dec 10 2020,0,0,17,1258,28,9,10,8,0,268,26,3179,186,162,0,0,0,0,0,0.07,0,0,0,0,0,0,0,0,0,0,0,0,0,0,0
Fri Dec 11 2020,0,0,13.24,675,31,13,2,2,0,185,21,3005,226,87,0,0,0,0,0,0.08,0,0,0,0,0,0,0,0,0,0,0,0,0,0,0
Sat Dec 12 2020,0,0,12.35,222,15,14,5,0,0.39,64,17,1272,103,47,0,3.5,0,0,0,0.01,0,0,0,0,2,0,0,0,0,0,0,0,0,0,0
Sun Dec 13 2020,0,0,0,0,0,0,0,0,0,1,0,0,0,1,1.47,0,0,0,0,0,0,0,0,0,0,1,1,0,0,0,0,0,0,0,0
Mon Dec 14 2020,0,0,10.09,637,19,4,0,1,0.11,100,21,1896,188,58,0,0,0,0,0,0.08,0,0,0,0,0,0,0,0,0,0,0,0,0,0,0
Tue Dec 15 2020,15,214.29,14.15,1109,32,3,8,2,7.93,133,22,3567,252,87,0,1.75,0,0,0,0.09,0,0,0,0,1,0,0,0,0,0,0,0,0,0,0
Wed Dec 16 2020,6,100,20.94,530,46,1,3,16,34.87,388,153,4522,216,309,1.47,1.75,0,0,1,0.1,0,0,0,0,1,1,1,0,0,0,0,0,0,0,0
Thu Dec 17 2020,0,0,10.15,884,26,2,1,2,15.71,196,17,2762,269,126,0,1.75,0,0,0,0.03,0,0,0,0,1,0,0,0,0,0,0,0,0,0,0
Fri Dec 18 2020,0,0,10.71,81,8,1,1,1,11.28,22,13,257,23,18,4.66,0,0,0,0.1,0,0,0,0,0,0,3,3,0,0,0,0,0,0,0,0
Sat Dec 19 2020,0,0,0,1,1,0,0,1,0,0,0,0,0,0,0,0,0,0,0,0,0,0,0,0,0,0,0,0,0,0,0,0,0,0,0
Sun Dec 20 2020,0,0,0,0,0,0,0,0,0,1,0,0,0,1,0,0,0,0,0,0,0,0,0,0,0,0,0,0,0,0,0,0,0,0,0
Mon Dec 21 2020,0,0,13.03,664,23,5,6,1,2.4,131,21,2294,176,89,0,0,0,0,0,0.05,0,0,0,0,0,0,0,0,0,0,0,0,0,0,0
Tue Dec 22 2020,0,0,15.95,1005,29,16,24,1,6.36,177,35,3317,206,102,1.52,1.75,0,0,0,0.89,0,0,0,0,1,1,1,0,0,0,0,0,0,0,0
Wed Dec 23 2020,0,0,90.68,1334,53,56,11,27,30.96,1694,1126,22942,253,1064,1.51,1.75,8.53,0,0,0.09,0,0.08,0,0,1,1,1,0,0,5,5,0,0,0,0
Thu Dec 24 2020,0,0,21.26,807,29,8,1,6,0.3,165,28,2657,125,98,1.16,3.5,0,0,0.1,0,0,0.64,0,0,2,1,1,0,0,0,0,0,0,0,0
Fri Dec 25 2020,0,0,0,0,0,0,0,0,0,0,0,0,0,0,1.15,0,0,0,0,0,0,0,0,0,0,1,1,0,0,0,0,0,0,0,0
Sat Dec 26 2020,0,0,0,0,0,0,0,0,0,1,0,0,0,1,0,0,0,0,0,0,0,0,0,0,0,0,0,0,0,0,0,0,0,0,0
Sun Dec 27 2020,0,0,0,1,1,0,0,0,0,0,0,0,0,0,2.89,0,0,0,0,0.01,0,0,0,0,0,2,2,0,0,0,0,0,0,0,0
Mon Dec 28 2020,0,0,11.43,484,23,1,4,1,0,128,18,1943,171,89,0,1.75,0,0,0,0.05,0,0,0,0,1,0,0,0,0,0,0,0,0,0,0
Tue Dec 29 2020,0,0,16.78,909,38,2,3,7,10.01,302,87,4245,253,225,0,0,0,0,0,0.06,0,0,0,0,0,0,0,0,0,0,0,0,0,0,0
Wed Dec 30 2020,0,0,15.25,660,28,15,9,6,8.31,181,22,3538,232,96,0,0,0,0,0,0.06,0,0,0,0,0,0,0,0,0,0,0,0,0,0,0
Thu Dec 31 2020,0,0,13.32,189,13,19,0,0,7.51,26,18,826,62,21,0,1.75,0,0,0,0,0,0,0,0,1,0,0,0,0,0,0,0,0,0,0
Fri Jan 01 2021,0,0,0,1,1,0,0,1,0,0,0,0,0,0,0,0,0,0,0,0,0,0,0,0,0,0,0,0,0,0,0,0,0,0,0
Sat Jan 02 2021,0,0,0,1,1,0,0,1,0,0,0,0,0,0,0,0,0,0,0,0,0,0,0,0,0,0,0,0,0,0,0,0,0,0,0
Sun Jan 03 2021,0,0,0,1,1,0,0,0,0,0,0,0,0,0,0,0,0,0,0,0,0,0,0,0,0,0,0,0,0,0,0,0,0,0,0
Mon Jan 04 2021,18,327.27,12.21,529,32,3,3,3,1.57,152,17,2417,198,109,0,1.75,0,0,0,0.01,0,0,0,0,1,0,0,0,0,0,0,0,0,0,0
Tue Jan 05 2021,9,129.6,10.2,800,25,14,2,0,2.81,148,16,2561,250,87,0,1.75,0,0,0,0,0,0,0,0,1,0,0,0,0,0,0,0,0,0,0
Wed Jan 06 2021,18,272.27,8.93,386,24,3,4,3,8.52,104,15,2135,238,68,0,0,0,0,0,0,0,0,0,0,0,0,0,0,0,0,0,0,0,0,0
Thu Jan 07 2021,6,378.95,7.72,96,11,5,2,0,0.23,20,13,440,57,14,0,0,0,0,0,0,0,0,0,0,0,0,0,0,0,0,0,0,0,0,0
Fri Jan 08 2021,66,360.55,14.31,2200,52,9,18,23,2.13,509,24,9428,659,254,1.44,3.5,2.55,0,0.6,0.01,0,0.24,0,0,2,1,1,0,0,2,2,0,0,0,0
Sat Jan 09 2021,9,352.17,20.9,653,32,55,2,4,7.8,72,29,1923,92,59,1.63,0,7.8,0,0,0,0,0,0,0,0,1,1,0,0,8,8,0,0,0,0
Sun Jan 10 2021,0,0,0,2,1,0,0,5,0,0,0,0,0,0,0,0,0,0,0,0,0,0,0,0,0,0,0,0,0,0,0,0,0,0,0
Mon Jan 11 2021,0,0,10.44,403,20,0,1,0,4.46,169,28,1859,179,119,0,0,0,0,0,0.01,0,0,0,0,0,0,0,0,0,0,0,0,0,0,0
Tue Jan 12 2021,0,0,11.09,792,37,0,6,10,4.01,194,20,2840,255,140,0,0,0,0,0,0.01,0,0.08,0,0,0,0,0,0,0,0,0,0,0,0,0
Wed Jan 13 2021,18,189.47,11.62,1297,40,33,27,5,17.31,194,35,3963,342,124,0,0,0,0,2.05,0,0,0,0,0,0,0,0,0,0,0,0,0,0,0,0
Thu Jan 14 2021,21,346.79,23.59,1861,368,4,6,306,38.56,1738,1691,5166,218,1468,0,1.75,0,0,0,0.38,0,0.16,0,0,1,0,0,0,0,0,0,0,0,0,0
Fri Jan 15 2021,24,239.34,123.57,3306,254,27,23,114,42.25,1527,850,44608,361,1038,2.92,8.74,8.33,0,3.84,0.05,0,0,0,0,5,2,2,0,0,7,7,0,0,0,0
Sat Jan 16 2021,0,0,23.27,470,23,15,3,1,0.11,80,28,1838,79,51,0,0,0,0,0,0.01,0,0,0,0,0,0,0,0,0,0,0,0,0,0,0
Sun Jan 17 2021,0,0,0,0,0,0,0,0,0,0,0,0,0,0,1.44,0,0,0,0,0,0,0,0,0,0,1,1,0,0,0,0,0,0,0,0
Mon Jan 18 2021,15,337.5,14.26,517,27,0,5,4,3.86,173,23,2282,160,116,2.91,0,0,0,0,0.01,0,0,0,0,0,2,2,0,0,0,0,0,0,0,0
Tue Jan 19 2021,9,137.87,12.23,495,33,13,9,7,0.14,182,20,2886,235,130,0,0,0,0,0,0.02,0,0,0,0,0,0,0,0,0,0,0,0,0,0,0
Wed Jan 20 2021,18,259.2,15.23,827,45,23,12,11,8.77,294,27,3807,250,186,0,0,0,0,0,0.01,0,0,0,0,0,0,0,0,0,0,0,0,0,0,0
Thu Jan 21 2021,6,79.41,13.08,702,31,1,5,5,7,221,24,3571,272,145,0,0,0,0,0,0.01,0,0,0,0,0,0,0,0,0,0,0,0,0,0,0
Fri Jan 22 2021,12,154.29,11.84,939,44,13,3,16,2.94,320,32,3303,280,212,3.01,1.75,0,0,0,0.01,0,0.08,0,0,1,2,2,0,0,0,0,0,0,0,0
Sat Jan 23 2021,0,0,20.69,489,22,13,4,12,0.49,120,33,1821,88,89,1.39,1.75,0,0,0,0,0,0,0,0,1,1,1,0,0,0,0,0,0,0,0
Sun Jan 24 2021,0,0,0,1,1,0,0,1,0,0,0,0,0,0,1.09,0,0,0,0,0,0,0,0,0,0,1,1,0,0,0,0,0,0,0,0
Mon Jan 25 2021,18,362.01,11.69,622,37,2,1,3,1.72,158,28,2093,179,93,1.09,0,0,0,0,0.02,0,0,0,0,0,1,1,0,0,0,0,0,0,0,0
Tue Jan 26 2021,6,91.14,11.61,632,31,7,6,0,0.4,156,16,2739,237,92,0,5.24,0,0,0,0.02,0,0,0,0,3,0,0,0,0,0,0,0,0,0,0
Wed Jan 27 2021,12,164.26,28.13,909,39,1,2,5,37,406,131,7397,263,317,2.85,0,0,0,0,0.03,0,0,0,0,0,2,2,0,0,0,0,0,0,0,0
Thu Jan 28 2021,1,18.65,14.49,571,25,3,2,3,5.68,164,27,2797,193,119,0,1.75,0,0,0,0.01,0,0,0,0,1,0,0,0,0,0,0,0,0,0,0
Fri Jan 29 2021,12,168.75,13.65,866,28,10,6,0,8.15,186,20,3495,256,151,0,0,0,0,0,0.02,0,0,0,0,0,0,0,0,0,0,0,0,0,0,0
Sat Jan 30 2021,12,436.36,15.33,285,16,10,0,1,4.08,52,23,1518,99,47,0,0,0,0,0,0,0,0.16,0,0,0,0,0,0,0,0,0,0,0,0,0
Sun Jan 31 2021,0,0,0,0,0,0,0,0,0,1,0,0,0,1,0,0,0,0,0,0,0,0,0,0,0,0,0,0,0,0,0,0,0,0,0
Mon Feb 01 2021,18,378.95,12.58,395,27,0,2,3,0.05,136,22,2164,171,87,0,0,0,0,0,0,0,0,0,0,0,0,0,0,0,0,0,0,0,0,0
Tue Feb 02 2021,12,180.75,13.05,910,31,15,5,1,0.97,145,28,3107,239,97,0,1.75,0,0,0,0.2,0,0.32,0,0,1,0,0,0,0,0,0,0,0,0,0
Wed Feb 03 2021,23,255.56,94.44,1052,71,21,10,54,42.67,1854,597,30410,324,1506,0,5.24,0,0,0,0.02,0,0.4,0,0,3,0,0,0,0,0,0,0,0,0,0
Thu Feb 04 2021,3,52.43,17.55,554,35,11,5,8,13.09,235,75,3597,206,170,0,0,0,0,0.02,0.01,0,1.8,0,0,0,0,0,0,0,0,0,0,0,0,0
Fri Feb 05 2021,15,180,15.17,665,36,4,1,9,19.84,355,63,4552,300,278,0,0,0,0,0,0.05,0,0.4,0,0,0,0,0,0,0,0,0,0,0,0,0
Sat Feb 06 2021,12,229.79,10.87,250,18,4,3,2,10.23,109,18,2043,188,86,0,0,0,0,0,0,0,1.2,0,0,0,0,0,0,0,0,0,0,0,0,0
Sun Feb 07 2021,0,0,0,0,0,1,0,0,0,0,0,0,0,0,0,0,0,0,0,0,0,0,0,0,0,0,0,0,0,0,0,0,0,0,0
Mon Feb 08 2021,0,0,9.76,466,21,1,1,0,0.06,147,18,1689,173,113,0,0,0,0,0,0.01,0,0,0,0,0,0,0,0,0,0,0,0,0,0,0
Tue Feb 09 2021,24,223.83,10.16,650,39,1,2,14,6.2,305,30,3921,386,204,1.62,8.74,0,0,0,0.01,0,0,0,0,5,1,1,0,0,0,0,0,0,0,0
Wed Feb 10 2021,15,144.77,8.26,448,41,1,6,10,9.55,190,19,3090,373,133,1.41,0,0,0,0,0.01,0,0.4,0,0,0,1,1,0,0,0,0,0,0,0,0
Thu Feb 11 2021,0,0,11.43,104,11,12,0,2,10.32,42,17,1017,89,38,0,0,0,0,0,0,0,0,0,0,0,0,0,0,0,0,0,0,0,0,0
Fri Feb 12 2021,0,0,7.28,235,18,2,4,1,0.08,74,12,1231,169,45,0,0,0,0,0,0,0,0,0,0,0,0,0,0,0,0,0,0,0,0,0
Sat Feb 13 2021,0,0,10.15,183,12,0,2,0,0.62,47,14,802,79,30,0,1.75,0,0,0,0,0,0,0,0,1,0,0,0,0,0,0,0,0,0,0
Sun Feb 14 2021,0,0,0,0,0,0,0,0,0,0,0,0,0,0,0,0,0,0,0,0,0,0,0,0,0,0,0,0,0,0,0,0,0,0,0
Mon Feb 15 2021,12,254.12,8.08,274,20,0,2,1,0.15,95,15,1373,170,68,0,0,0,0,0,0,0,0,0,0,0,0,0,0,0,0,0,0,0,0,0
Tue Feb 16 2021,0,0,9.4,599,32,16,8,4,3.31,192,18,2415,257,115,0,1.75,0,0,0,0,0,0,0,0,1,0,0,0,0,0,0,0,0,0,0
Wed Feb 17 2021,12,153.74,13.05,531,36,4,1,2,15.19,192,40,3667,281,136,1.11,1.75,1.15,0,0.48,0.01,0,0,0,0,1,1,1,0,0,1,1,0,0,0,0
Thu Feb 18 2021,0,0,12.21,610,30,7,4,7,5.15,136,47,3089,252,104,2.9,0,0,0,0,0.01,0,0,0,0,0,2,2,0,0,0,0,0,0,0,0
Fri Feb 19 2021,0,0,14.95,246,14,7,2,0,9.69,47,22,1435,96,37,0,1.75,0,0,0,0.01,0,0.48,0,0,1,0,0,0,0,0,0,0,0,0,0
Sat Feb 20 2021,0,0,0,0,0,0,0,0,0,1,0,0,0,1,0,0,0,0,0,0,0,0,0,0,0,0,0,0,0,0,0,0,0,0,0
Sun Feb 21 2021,0,0,0,0,0,20,0,0,0,0,0,0,0,0,0,0,0,0,0,0,0,0,0,0,0,0,0,0,0,0,0,0,0,0,0
Mon Feb 22 2021,12,248.28,15.4,412,29,0,1,2,10.39,160,27,2695,174,107,1.41,0,0,0,0,0.01,0,0,0,0,0,1,1,0,0,0,0,0,0,0,0
Tue Feb 23 2021,15,211.76,16.3,659,34,1,5,7,12.97,186,50,4141,255,151,1.39,0,0,0,0.02,0.02,0,0.16,0,0,0,1,1,0,0,0,0,0,0,0,0
Wed Feb 24 2021,0,0,15.87,907,31,17,8,13,12.73,328,81,4728,297,237,0,1.75,0,0,3.16,0.01,0,0.76,0,0,1,0,0,0,0,0,0,0,0,0,0
Thu Feb 25 2021,12,161.19,10.76,481,30,5,6,6,2.8,186,20,2894,268,111,1.1,0,0,0,0,0.01,0,1.24,0,0,0,1,1,0,0,0,0,0,0,0,0
Fri Feb 26 2021,3,42.19,11.76,444,27,4,3,2,1.03,172,19,3010,256,98,0,5.24,0,0,0,0.02,0,1.6,0,0,3,0,0,0,0,0,0,0,0,0,0
Sat Feb 27 2021,0,0,20.53,463,33,0,0,8,10.6,111,41,1991,97,80,2.71,0,0,0,1,0,0,0.56,0,0,0,2,2,0,0,0,0,0,0,0,0
Sun Feb 28 2021,0,0,0,1,1,0,0,1,0,0,0,0,0,0,0,0,0,0,0,0,0,0,0,0,0,0,0,0,0,0,0,0,0,0,0
Mon Mar 01 2021,18,330.61,12.61,544,27,2,4,0,0.04,126,19,2472,196,96,0,0,0,0,0,0,0,0.08,0,0,0,0,0,0,0,0,0,0,0,0,0
Tue Mar 02 2021,15,183.67,12.33,1158,42,7,6,6,4.77,217,23,3624,294,148,0,5.24,0,0,0.2,0.01,0,0.16,0,0,3,0,0,0,0,0,0,0,0,0,0
Wed Mar 03 2021,15,153.41,10.94,796,39,7,5,6,14.8,269,31,3852,352,194,1.34,3.5,0,0,0,0.09,0,0.16,0,0,2,1,1,0,0,0,0,0,0,0,0
Thu Mar 04 2021,36,406.27,61.08,710,41,16,14,28,44.11,1770,1135,19608,319,1180,0,3.5,0,0,0,0.22,0,0.08,0,0,2,0,0,0,0,0,0,0,0,0,0
Fri Mar 05 2021,6,84.38,49.66,330,23,8,1,2,41.68,310,193,12763,256,239,0,1.75,0,0,0,0,0,0,0,0,1,0,0,0,0,0,0,0,0,0,0
Sat Mar 06 2021,0,0,10.8,41,8,1,1,0,0,15,13,324,30,11,0,0,0,0,0.2,0,0,0,0,0,0,0,0,0,0,0,0,0,0,0,0
Sun Mar 07 2021,0,0,0,0,0,1,0,0,0,0,0,0,0,0,0,0,0,0,0,0,0,0,0,0,0,0,0,0,0,0,0,0,0,0,0
Mon Mar 08 2021,0,0,14.48,702,30,0,5,4,3.27,151,23,2476,172,108,0,0,0,0,0,0.02,0,0,0,0,0,0,0,0,0,0,0,0,0,0,0
Tue Mar 09 2021,0,0,11.7,425,13,44,1,2,0.07,67,18,1463,125,47,1.62,6.99,0,0,0,0,0,0,0,0,4,1,1,0,0,0,0,0,0,0,0
Wed Mar 10 2021,0,0,15.5,467,26,0,5,4,2.18,241,75,2433,156,127,0,1.75,0,0,0,0.05,0,0,0,0,1,0,0,0,0,0,0,0,0,0,0
Thu Mar 11 2021,2.5,37.97,166.7,1750,200,6,17,171,48.05,2730,1792,39509,237,2132,0,3.5,0,0,0,2.13,0,0,0,0,2,0,0,0,0,0,0,0,0,0,0
Fri Mar 12 2021,0,0,32.33,383,27,76,7,3,35.11,314,98,6853,212,248,0,0,0,0,0.35,0.06,0,0.68,0,0,0,0,0,0,0,0,0,0,0,0,0
Sat Mar 13 2021,0,0,12.15,396,28,10,1,11,0.37,143,18,2406,197,105,1.37,0,0,0,0.1,0,0,0.4,0,0,0,1,1,0,0,0,0,0,0,0,0
Sun Mar 14 2021,0,0,0,0,0,0,0,0,0,1,0,0,0,1,0,0,0,0,0,0,0,0,0,0,0,0,0,0,0,0,0,0,0,0,0
Mon Mar 15 2021,12,249.71,12.89,479,24,0,1,1,0.04,139,19,2230,173,107,0,0,0,0,0,0.02,0,0,0,0,0,0,0,0,0,0,0,0,0,0,0
Tue Mar 16 2021,27,366.79,13.89,784,41,3,9,7,0.08,309,23,3680,265,238,0,1.75,0,0,1,0.04,0,0,0,0,1,0,0,0,0,0,0,0,0,0,0
Wed Mar 17 2021,6,120.67,10.01,383,31,22,1,6,1.46,167,19,1781,179,110,0,1.75,0,0,0,0.02,0,0,0,0,1,0,0,0,0,0,0,0,0,0,0
Thu Mar 18 2021,0,0,14.62,601,33,0,3,7,5.4,289,74,3261,223,214,2.85,0,0,0,0.06,0.07,0,0,0,0,0,2,2,0,0,0,0,0,0,0,0
Fri Mar 19 2021,15,221.31,11.58,694,33,3,2,7,3.55,163,20,2813,244,108,0,0,0,0,0,0.05,0,0.4,0,0,0,0,0,0,0,0,0,0,0,0,0
Sat Mar 20 2021,12,366.1,15.01,214,24,7,3,4,12.59,96,20,1771,118,66,1.33,1.75,0,0,0,0.01,0,0,0,0,1,1,1,0,0,0,0,0,0,0,0
Sun Mar 21 2021,6,103.35,12.33,469,28,0,1,4,0,118,18,2576,209,74,0,0,0,0,0.05,0.01,0,0,0,0,0,0,0,0,0,0,0,0,0,0,0
Mon Mar 22 2021,18,301.4,12.18,417,35,0,0,5,2.02,157,28,2618,215,100,0,1.75,0,0,0,0.02,0,0,0,0,1,0,0,0,0,0,0,0,0,0,0
Tue Mar 23 2021,12,163.02,14.22,587,49,0,0,7,11.56,273,31,3798,265,193,1.38,1.75,0,0,0.1,0.02,0,0,0,0,1,1,1,0,0,0,0,0,0,0,0
Wed Mar 24 2021,18,250.19,13.51,624,37,1,2,4,12.69,214,27,3498,259,138,0,1.75,0,0,0,0.12,0,0,0,0,1,0,0,0,0,0,0,0,0,0,0
Thu Mar 25 2021,21,325.86,16,1063,52,5,3,9,20.63,316,75,3713,232,216,1.06,1.75,0,0,0,0.11,0,0.4,0,0,1,1,1,0,0,0,0,0,0,0,0
Fri Mar 26 2021,9,119.56,11.89,743,37,9,7,2,3.68,180,29,3234,271,109,0,8.74,0,0,1,0.06,0,0.08,0,0,5,0,0,0,0,0,0,0,0,0,0
Sat Mar 27 2021,12,320,11.7,243,19,6,1,0,0.06,63,15,1580,135,44,2.68,0,0,0,0.2,0,0,2.44,0,0,0,2,2,0,0,0,0,0,0,0,0
Sun Mar 28 2021,0,0,0,0,0,0,0,0,0,0,0,0,0,0,0,0,0,0,0,0,0,0,0,0,0,0,0,0,0,0,0,0,0,0,0
Mon Mar 29 2021,6,121.35,11.8,281,25,0,4,1,0,103,18,2089,178,72,0,0,0,0,0,0.03,0,0,0,0,0,0,0,0,0,0,0,0,0,0,0
Tue Mar 30 2021,27,349.64,16.72,598,35,11,7,9,10.83,314,175,4665,278,246,0,1.75,0,0,0,0.03,0,0.12,0,0,1,0,0,0,0,0,0,0,0,0,0
Wed Mar 31 2021,21,288.55,15.08,654,46,3,2,1,3.9,176,25,3951,262,115,0,0,0,0,0,0.05,0,0.56,0,0,0,0,0,0,0,0,0,0,0,0,0
Thu Apr 01 2021,30,391.3,14.73,821,42,7,15,7,2.78,202,27,4066,276,124,0,1.75,0,0,1.74,0.02,0,0.88,0,0,1,0,0,0,0,0,0,0,0,0,0
Fri Apr 02 2021,27,327.27,12.51,445,29,18,7,2,1.02,266,78,3716,297,187,0,0,0,0,0.05,0.02,0,0.08,0,0,0,0,0,0,0,0,0,0,0,0,0
Sat Apr 03 2021,9,498.46,25.85,130,15,1,0,2,25.6,68,42,1680,65,59,1.33,0,0,0,0.18,0,0,0.08,0,0,0,1,1,0,0,0,0,0,0,0,0
Sun Apr 04 2021,0,0,0,0,0,0,0,0,0,0,0,0,0,0,0,0,0,0,0,0,0,0,0,0,0,0,0,0,0,0,0,0,0,0,0
Mon Apr 05 2021,2,40.45,123.25,574,81,1,6,118,51.05,1999,1782,21939,178,1742,0,0,0,0,0,0.11,0,0,0,0,0,0,0,0,0,0,0,0,0,0,0
Tue Apr 06 2021,0,0,43.09,546,30,8,3,7,43.37,448,216,10212,237,395,0,5.24,0,0,0.1,0.01,0,0,0,0,3,0,0,0,0,0,0,0,0,0,0
Wed Apr 07 2021,0,0,13.63,510,39,7,1,10,4.85,336,84,3817,280,269,0,0,0,0,0,0.03,0,0,0,0,0,0,0,0,0,0,0,0,0,0,0
Thu Apr 08 2021,21,300,11.46,533,36,2,2,4,4.64,204,22,2887,252,156,0,0,0,0,0.02,0.02,0,0,0,0,0,0,0,0,0,0,0,0,0,0,0
Fri Apr 09 2021,24,291.89,12.05,633,49,2,4,4,5.82,273,19,3555,296,186,2.98,5.24,0,0,0.05,0.02,0,0,0,0,3,2,2,0,0,0,0,0,0,0,0
Sat Apr 10 2021,12,396.33,12.8,181,21,0,8,1,5.49,91,20,1421,109,77,0,1.75,0,0,0,0,0,0,0,0,1,0,0,0,0,0,0,0,0,0,0
Sun Apr 11 2021,0,0,0,1,1,2,0,1,0,2,0,0,0,1,0,0,0,0,0,0,0,0,0,0,0,0,0,0,0,0,0,0,0,0,0
Mon Apr 12 2021,18,364.04,12.17,289,24,0,13,4,0.14,131,19,2154,178,92,0,0,0,0,0,0.02,0,0,0,0,0,0,0,0,0,0,0,0,0,0,0
Tue Apr 13 2021,9,120.9,13.67,438,31,32,5,3,10.36,224,40,3649,268,160,0,3.5,0,0,0,0.01,0,0.2,0,0,2,0,0,0,0,0,0,0,0,0,0
Wed Apr 14 2021,15,245.45,10.65,409,20,9,5,4,1.54,150,16,2343,220,99,0,0,0,0,0,0.03,0,0.8,0,0,0,0,0,0,0,0,0,0,0,0,0
Thu Apr 15 2021,30,384.34,11.31,573,29,0,0,5,8.4,188,31,3179,281,140,0,1.75,0,0,0,0.01,0,0,0,0,1,0,0,0,0,0,0,0,0,0,0
Fri Apr 16 2021,30,357.62,13.85,597,42,4,3,9,4.66,229,36,4183,302,154,0,0,0,0,0,0.05,0,0,0,0,0,0,0,0,0,0,0,0,0,0,0
Sat Apr 17 2021,15,409.09,10.91,225,16,0,0,2,2.48,55,20,1451,132,44,1.36,0,0,0,0.01,0,0,1,0,0,0,1,1,0,0,0,0,0,0,0,0
Sun Apr 18 2021,0,0,0,1,1,0,0,4,0,0,0,0,0,0,2.85,0,0,0,0,0,0,0,0,0,0,2,2,0,0,0,0,0,0,0,0
Mon Apr 19 2021,0,0,12.58,214,23,0,1,7,1.55,118,20,2252,179,85,0,0,0,0,0,0.02,0,0,0,0,0,0,0,0,0,0,0,0,0,0,0
Tue Apr 20 2021,0,0,13.52,266,35,4,3,10,1.01,147,28,3475,258,114,0,0,0,0,0,0.01,0,1,0,0,0,0,0,0,0,0,0,0,0,0,0
Wed Apr 21 2021,57,301.76,17.42,1225,71,1,15,21,6.87,572,41,11865,680,341,0,5.24,0,0,0.02,0.07,0,0.8,0,0,3,0,0,0,0,0,0,0,0,0,0
Thu Apr 22 2021,33,288.35,14.77,756,52,3,8,7,10.54,1019,83,6084,412,826,1.15,1.75,0,0,0,0.02,0,0,0,0,1,1,1,0,0,0,0,0,0,0,0
Fri Apr 23 2021,9,130.65,10.52,351,30,19,5,2,2.72,158,19,2608,248,95,1.4,1.75,0,0,0,0.01,0,1,0,0,1,1,1,0,0,0,0,0,0,0,0
Sat Apr 24 2021,0,0,6.61,171,12,0,4,1,0.17,54,13,1143,172,43,0,0,0,0,0,0.01,0,1.2,0,0,0,0,0,0,0,0,0,0,0,0,0
Sun Apr 25 2021,0,0,0,0,0,0,0,0,0,0,0,0,0,0,1.1,0,0,0,0,0,0,0,0,0,0,1,1,0,0,0,0,0,0,0,0
Mon Apr 26 2021,0,0,12.47,468,21,0,8,2,1.08,113,20,2219,178,89,0,0,0,0,0,0.03,0,0,0,0,0,0,0,0,0,0,0,0,0,0,0
Tue Apr 27 2021,18,250.19,15.78,552,39,9,1,21,12.28,233,79,4103,259,188,3.87,1.75,0,0,0.01,0.07,0,0,0,0,1,3,3,0,0,0,0,0,0,0,0
Wed Apr 28 2021,24,336.19,19.82,637,40,4,3,2,25.5,269,106,5094,257,196,0,1.75,0,0,0,0.02,0,1.04,0,0,1,0,0,0,0,0,0,0,0,0,0
Thu Apr 29 2021,24,354.1,14.91,414,40,1,4,10,3.33,183,45,3637,244,135,0,5.24,0,0,0.03,0.11,0,0.76,0,0,3,0,0,0,0,0,0,0,0,0,0
Fri Apr 30 2021,27,361.34,12.34,372,26,0,4,3,0.69,142,18,3319,269,109,0,1.75,0,0,0.02,0.06,0,2.32,0,0,1,0,0,0,0,0,0,0,0,0,0
Sat May 01 2021,6,366.1,12.8,124,17,0,0,5,1.32,39,17,755,59,32,0,0,0,0,0,0,0,0.48,0,0,0,0,0,0,0,0,0,0,0,0,0
Sun May 02 2021,0,0,0,0,0,0,0,0,0,0,0,0,0,0,0,0,0,0,0,0,0,0,0,0,0,0,0,0,0,0,0,0,0,0,0
Mon May 03 2021,15,300,10.69,337,29,0,0,4,13.62,143,38,1924,180,116,1.4,0,0,0,0,0.29,0,0,0,0,0,1,1,0,0,0,0,0,0,0,0
Tue May 04 2021,25,307.17,116.74,543,65,0,1,64,37.18,1990,1832,34323,293,1721,2.54,6.99,0,0,2.4,0.07,0,0.08,0,0,4,2,2,0,0,0,0,0,0,0,0
Wed May 05 2021,24,348.39,12.32,327,31,0,13,3,6.27,210,43,3044,248,146,0,0,0,0,0,0.05,0,0,0,0,0,0,0,0,0,0,0,0,0,0,0
Thu May 06 2021,0,0,25.13,648,44,2,2,11,7.34,261,48,4347,173,192,0,0,0,0,0,0.13,0,0.08,0,0,0,0,0,0,0,0,0,0,0,0,0
Fri May 07 2021,3,40.75,79.46,852,107,6,14,63,29.13,1576,1197,21057,265,1345,0,1.75,2.9,0,0.01,0.03,0,0.4,0,0,1,0,0,0,0,2,2,0,0,0,0
Sat May 08 2021,0,0,12.16,26,7,0,0,0,0.87,25,19,231,19,16,0,1.75,0,0,0.02,0,0,0.8,0,0,1,0,0,0,0,0,0,0,0,0,0
Sun May 09 2021,0,0,0,2,1,0,0,2,0,1,0,0,0,1,3.07,0,0,0,0,0,0,0,0,0,0,2,2,0,0,0,0,0,0,0,0
Mon May 10 2021,0,0,15.57,481,32,2,6,4,0.03,222,24,3254,209,169,0,3.5,0,0,0,0.05,0,0.28,0,0,2,0,0,0,0,0,0,0,0,0,0
Tue May 11 2021,0,0,11.46,430,29,6,3,6,1.68,241,23,3576,312,186,0,1.75,0,0,0,0.02,0,1.24,0,0,1,0,0,0,0,0,0,0,0,0,0
Wed May 12 2021,12,170.08,11.87,322,31,3,8,3,2.38,204,50,3028,254,156,0,0,0,0,0,0.04,0,1.4,0,0,0,0,0,0,0,0,0,0,0,0,0
Thu May 13 2021,6,84.38,11.05,288,23,0,4,1,1.25,182,16,2806,256,117,0,3.5,0,0,0.07,0.16,0,1.44,0,0,2,0,0,0,0,0,0,0,0,0,0
Fri May 14 2021,2,27.48,65.21,699,43,2,7,28,36.91,1159,880,17151,262,1030,0,1.75,0,0,0,0.03,0,1.96,0,0,1,0,0,0,0,0,0,0,0,0,0
Sat May 15 2021,0,0,10.29,103,14,2,2,1,22.79,50,15,803,78,41,0,0,0,0,0.01,0.01,0,2.84,0,0,0,0,0,0,0,0,0,0,0,0,0
Sun May 16 2021,0,0,0,0,0,0,0,0,0,1,0,0,0,1,0,0,0,0,0,0.01,0,0,0,0,0,0,0,0,0,0,0,0,0,0,0
Mon May 17 2021,12,248.28,23.37,448,44,2,3,12,20,303,102,4066,174,237,1.45,0,0,0,0,0.11,0,0,0,0,0,1,1,0,0,0,0,0,0,0,0
Tue May 18 2021,18,262.35,13.67,446,29,5,8,4,15.07,207,30,3364,247,138,2.92,3.5,0,0,0,0.06,0,0.8,0,0,2,2,2,0,0,0,0,0,0,0,0
Wed May 19 2021,27,375.29,15.46,611,39,4,4,5,12.31,311,58,4004,259,234,0,0,0,0,0,1.06,0,0.68,0,0,0,0,0,0,0,0,0,0,0,0,0
Thu May 20 2021,17,186.02,70.84,1592,91,4,9,85,32.33,1268,816,23236,329,984,0,0,0,0,0,1.7,0,0.8,0,0,0,0,0,0,0,0,0,0,0,0,0
Fri May 21 2021,23,295.71,35.38,2597,386,0,12,400,4.35,1243,484,9905,280,742,1.12,5.24,18.98,0,0.52,0.18,0,2.04,0,0,3,1,1,0,0,12,12,0,0,0,0
Sat May 22 2021,6,366.1,11.25,72,7,0,0,0,0,40,16,664,59,35,0,3.5,0,0,0.01,0,0,0,0,0,2,0,0,0,0,0,0,0,0,0,0
Sun May 23 2021,0,0,0,0,0,0,0,0,0,0,0,0,0,0,1.42,0,0,0,0,0.01,0,0,0,0,0,1,1,0,0,0,0,0,0,0,0
Mon May 24 2021,18,356.04,12.47,380,30,3,2,4,6.96,220,45,2270,182,163,0,0,0,0,0,0.12,0,0,0,0,0,0,0,0,0,0,0,0,0,0,0
Tue May 25 2021,33,331.84,11.11,416,38,0,3,5,1.58,331,19,3979,358,263,1.11,0,0,0,0.99,0.1,0,1,0,0,0,1,1,0,0,0,0,0,0,0,0
Wed May 26 2021,12,156.52,12.14,406,22,0,4,2,5.84,227,22,3339,276,151,0,0,2.3,0,0,0.03,0,0.08,0,0,0,0,0,0,0,2,2,0,0,0,0
Thu May 27 2021,12,172.8,13.54,352,22,2,5,12,0.44,281,20,3411,250,208,2.56,1.75,0,0,0,0.07,0,0,0,0,1,2,2,0,0,0,0,0,0,0,0
Fri May 28 2021,6,96.86,10.15,396,28,0,12,4,2.28,184,22,2233,223,125,0,1.75,0,0,0,0.03,0,0,0,0,1,0,0,0,0,0,0,0,0,0,0
Sat May 29 2021,0,0,11.05,44,10,0,1,1,1.94,29,17,619,56,26,0,0,0,0,0,0.01,0,1.6,0,0,0,0,0,0,0,0,0,0,0,0,0
Sun May 30 2021,0,0,28.92,564,34,1,2,18,32.54,529,183,6131,212,404,0,0,0,0,0,0.09,0,0.08,0,0,0,0,0,0,0,0,0,0,0,0,0
Mon May 31 2021,0,0,15.74,265,25,4,7,9,18.78,243,49,3684,233,181,0,1.75,0,0,0,0.05,0,1.28,0,0,1,0,0,0,0,0,0,0,0,0,0
Tue Jun 01 2021,3,31.86,25.4,532,41,1,4,15,8.57,413,495,8635,339,324,0,0,0,0,0,0.08,0,0.8,0,0,0,0,0,0,0,0,0,0,0,0,0
Wed Jun 02 2021,0,0,19.87,449,27,0,1,11,20.72,362,108,5265,264,290,0,1.75,0,0,0,0.88,0,0.4,0,0,1,0,0,0,0,0,0,0,0,0,0
Thu Jun 03 2021,4,31.65,59.83,674,49,2,4,55,37.71,1867,1458,27221,455,1635,1.5,1.75,0,0,0,0.09,0,2.16,0,0,1,1,1,0,0,0,0,0,0,0,0
Fri Jun 04 2021,1,13.9,27.12,492,34,3,3,12,27.55,465,278,7024,259,384,2.61,0,0,0,0,0.37,0,0.48,0,0,0,2,2,0,0,0,0,0,0,0,0
Sat Jun 05 2021,0,0,33.03,38,9,1,1,3,40.89,142,41,2213,67,102,0,0,0,0,0,0.01,0,0.88,0,0,0,0,0,0,0,0,0,0,0,0,0
Sun Jun 06 2021,0,0,7.88,273,21,2,2,4,12.38,345,18,2326,295,212,0,1.75,0,0,0,0.06,0,0.08,0,0,1,0,0,0,0,0,0,0,0,0,0
Mon Jun 07 2021,0,0,9.3,377,22,4,8,1,1.66,157,17,1563,168,124,0,1.75,0,0,0,0.08,0,0,0,0,1,0,0,0,0,0,0,0,0,0,0
Tue Jun 08 2021,0,0,17.47,436,40,4,0,13,22.98,488,99,5310,305,369,1.69,3.5,0,0,0,0.09,0,0.2,0,0,2,1,1,0,0,0,0,0,0,0,0
Wed Jun 09 2021,0,0,15.26,513,25,2,2,11,17.22,417,39,4350,286,290,3.13,5.24,0,0,0,0.02,0,0.4,0,0,3,2,2,0,0,0,0,0,0,0,0
Thu Jun 10 2021,0,0,11.48,505,31,2,13,7,0.61,305,23,3123,272,216,0,0,0,0,0,0.05,0,1.28,0,0,0,0,0,0,0,0,0,0,0,0,0
Fri Jun 11 2021,0,0,15.43,593,35,0,5,8,13.91,403,74,4645,301,303,1.47,1.75,0,0,0,0,0,1.24,0,0,1,1,1,0,0,0,0,0,0,0,0
Sat Jun 12 2021,0,0,11.22,86,14,1,3,1,6.98,118,26,1447,128,85,0,1.75,0,0,1,0,0,1,0,0,1,0,0,0,0,0,0,0,0,0,0
Sun Jun 13 2021,0,0,0,0,0,0,0,0,0,3,0,0,0,3,0,0,0,0,0,0,0,0,0,0,0,0,0,0,0,0,0,0,0,0,0
Mon Jun 14 2021,0,0,9.54,174,27,0,0,5,4.59,180,24,1679,177,131,0,0,0,0,0,0.01,0,0,0,0,0,0,0,0,0,0,0,0,0,0,0
Tue Jun 15 2021,3,50,12.09,290,26,0,2,3,4.96,202,22,2623,216,141,1.53,0,0,0,0,0.05,0,0.2,0,0,0,1,1,0,0,0,0,0,0,0,0
Wed Jun 16 2021,9,124.62,12.99,587,36,3,11,14,2.21,254,23,3390,260,169,0,0,0,0,0,0.05,0,0.92,0,0,0,0,0,0,0,0,0,0,0,0,0
Thu Jun 17 2021,15,191.49,10.72,409,31,44,6,2,3.56,163,18,3034,282,125,0,1.75,0,0,0,0.1,0,0.72,0,0,1,0,0,0,0,0,0,0,0,0,0
Fri Jun 18 2021,27,334.02,11.4,645,33,3,4,11,8.53,272,82,3330,291,185,4.52,3.5,0,0,0,1.97,0,0.52,0,0,2,3,3,0,0,0,0,0,0,0,0
Sat Jun 19 2021,30,461.54,138.76,1076,45,12,2,49,46.34,1276,684,32471,234,1160,0,1.75,0,0,2.1,0,0,0.64,0,0,1,0,0,0,0,0,0,0,0,0,0
Sun Jun 20 2021,0,0,0,1,1,1,0,1,0,0,0,0,0,0,0,1.75,0,0,0,0,0,0,0,0,1,0,0,0,0,0,0,0,0,0,0
Mon Jun 21 2021,0,0,12.29,502,32,0,2,6,31.91,213,22,2150,175,165,0,0,0,0,0,0.06,0,0,0,0,0,0,0,0,0,0,0,0,0,0,0
Tue Jun 22 2021,0,0,16.68,1041,44,0,15,20,9.79,421,102,4269,256,274,0,3.5,0,0,0,0.2,0,0.48,0,0,2,0,0,0,0,0,0,0,0,0,0
Wed Jun 23 2021,18,244.53,15.53,875,30,14,14,4,5.83,219,37,4116,265,160,0,1.75,0,0,0.5,0.2,0,1.76,0,0,1,0,0,0,0,0,0,0,0,0,0
Thu Jun 24 2021,27,370.99,12.24,722,26,0,4,6,3.4,192,19,3206,262,135,0,0,0,0,0,0.15,0,0.44,0,0,0,0,0,0,0,0,0,0,0,0,0
Fri Jun 25 2021,9,368.18,12.14,127,18,6,2,2,8.71,83,19,1068,88,56,1.21,1.75,0,0,0,0,0,0.44,0,0,1,1,1,0,0,0,0,0,0,0,0
Sat Jun 26 2021,0,0,0,0,0,0,0,0,0,0,0,0,0,0,0,0,0,0,0,0,0,0,0,0,0,0,0,0,0,0,0,0,0,0,0
Sun Jun 27 2021,0,0,0,1,1,0,0,1,0,0,0,0,0,0,1.51,0,0,0,0,0.01,0,0,0,0,0,1,1,0,0,0,0,0,0,0,0
Mon Jun 28 2021,18,360,16.58,308,31,0,6,8,16.01,259,78,2967,180,200,0,0,0,0,0,0.42,0,0,0,0,0,0,0,0,0,0,0,0,0,0,0
Tue Jun 29 2021,21,323.08,24.35,476,44,0,1,15,19.48,500,193,5697,234,391,0,3.5,1.25,0,0,0.63,0,1.4,0,0,2,0,0,0,0,1,1,0,0,0,0
Wed Jun 30 2021,27,357.35,31.01,548,34,2,17,7,31.57,444,113,8435,272,319,0,3.5,0,0,0,0.45,0,0.6,0,0,2,0,0,0,0,0,0,0,0,0,0
Thu Jul 01 2021,12,167.44,14.81,333,30,29,15,4,18.02,250,77,3806,258,193,2.9,0,0,0,0.01,0.1,0,2.44,0,0,0,2,2,0,0,0,0,0,0,0,0
Fri Jul 02 2021,18,245.45,11.6,536,29,0,6,3,2.97,126,18,3062,264,83,0,0,1.51,0,0.11,0.14,0,1.76,0,0,0,0,0,0,0,1,1,0,0,0,0
Sat Jul 03 2021,12,123.78,16.66,743,38,7,11,15,8.6,396,72,5815,349,277,3.03,5.24,0,0,0,0.06,0,3.48,0,0,3,2,2,0,0,0,0,0,0,0,0
Sun Jul 04 2021,0,0,0,0,0,10,0,0,0,0,0,0,0,0,2.61,0,0,0,0,0.03,0,0,0,0,0,2,2,0,0,0,0,0,0,0,0
Mon Jul 05 2021,18,368.18,15.34,484,30,0,3,4,0,162,26,2699,176,123,0,0,0,0,0,0.19,0,0,0,0,0,0,0,0,0,0,0,0,0,0,0
Tue Jul 06 2021,7,105,16.9,420,41,8,11,8,9.22,303,79,4057,240,226,0,0,0,0,0,0.06,0,1.08,0,0,0,0,0,0,0,0,0,0,0,0,0
Wed Jul 07 2021,0,0,14.55,665,39,2,9,12,4.71,247,34,3842,265,196,0,0,0,0,1.01,0.08,0,0.92,0,0,0,0,0,0,0,0,0,0,0,0,0
Thu Jul 08 2021,0,0,18.48,130,16,20,4,4,51.51,67,24,1460,79,59,0,1.75,0,0,0,0,0,1.16,0,0,1,0,0,0,0,0,0,0,0,0,0
Fri Jul 09 2021,33,363.3,9.49,438,29,0,5,4,1.22,176,17,3103,327,122,1.45,0,0,0,0,0.06,0,0.48,0,0,0,1,1,0,0,0,0,0,0,0,0
Sat Jul 10 2021,9,450,21.85,152,16,8,4,4,25.75,113,62,1573,72,101,1.63,0,0,0,0.01,0.01,0,1.72,0,0,0,1,1,0,0,0,0,0,0,0,0
Sun Jul 11 2021,18,366.1,6.88,122,14,0,1,1,0.17,87,12,1211,177,66,0,3.5,0,0,0,0.08,0,0,0,0,2,0,0,0,0,0,0,0,0,0,0
Mon Jul 12 2021,18,362.01,12.93,247,25,2,1,2,7.65,130,21,2315,179,94,0,1.75,0,0,0,0.2,0,0,0,0,1,0,0,0,0,0,0,0,0,0,0
Tue Jul 13 2021,9,116.97,23.07,432,38,0,1,12,30.29,448,86,6414,277,322,0,3.5,0,0,0.01,0.14,0,2.36,0,0,2,0,0,0,0,0,0,0,0,0,0
Wed Jul 14 2021,6,77.98,15.05,537,40,1,5,6,14.49,302,33,4168,277,224,1.47,3.5,0,0,0,0.08,0,1.48,0,0,2,1,1,0,0,0,0,0,0,0,0
Thu Jul 15 2021,9,120.45,14.69,472,41,13,13,10,15.26,258,76,3965,269,209,3.22,0,0,0,0,0.04,0,0,0,0,0,2,2,0,0,0,0,0,0,0,0
Fri Jul 16 2021,18,243.61,10.74,280,20,0,5,3,0.04,161,19,2845,266,113,0,0,0,0,1.25,0.14,0,1.68,0,0,0,0,0,0,0,0,0,0,0,0,0
Sat Jul 17 2021,9,302.8,21.72,157,15,13,4,10,23.4,167,86,2346,107,116,0,1.75,0,0,0.05,0.02,0,1.24,0,0,1,0,0,0,0,0,0,0,0,0,0
Sun Jul 18 2021,0,0,0,0,0,0,0,0,0,0,0,0,0,0,4.5,0,0,0,0,0,0,0,0,0,0,3,3,0,0,0,0,0,0,0,0
Mon Jul 19 2021,21,346.79,11.43,452,23,1,15,3,12.34,136,19,2480,218,105,0,1.75,0,0,0,0.09,0,0.08,0,0,1,0,0,0,0,0,0,0,0,0,0
Tue Jul 20 2021,12,162.41,11.55,489,33,1,10,3,7.29,180,27,3073,266,130,0,1.75,0,0,2,0.03,0,2.36,0,0,1,0,0,0,0,0,0,0,0,0,0
Wed Jul 21 2021,10,159.29,34.12,609,39,1,1,27,41.17,550,287,7677,226,472,0,1.75,0,0,0,0.17,0,0.72,0,0,1,0,0,0,0,0,0,0,0,0,0
Thu Jul 22 2021,21,317.65,16.12,414,25,6,13,3,12.2,240,35,3853,238,136,0,1.75,0,0,0,2.29,0,2.16,0,0,1,0,0,0,0,0,0,0,0,0,0
Fri Jul 23 2021,12,172.8,98.52,1339,65,7,50,55,37.23,1800,797,24631,250,1530,0,0,0,0,0,0.29,0,1,0,0,0,0,0,0,0,0,0,0,0,0,0
Sat Jul 24 2021,15,357.62,29.32,1035,33,88,39,5,24.08,254,104,4456,151,190,1.44,5.24,6.13,0,14.2,0.01,0,18.2,0,0,3,1,1,0,0,4,4,0,0,0,0
Sun Jul 25 2021,0,0,0,0,0,3,0,0,0,0,0,0,0,0,1.15,0,0,0,0,0,0,0,0,0,0,1,1,0,0,0,0,0,0,0,0
Mon Jul 26 2021,15,306.82,24.63,688,39,0,0,12,29.57,378,110,4359,176,319,0,0,0,0,0,0.11,0,0,0,0,0,0,0,0,0,0,0,0,0,0,0
Tue Jul 27 2021,24,378.95,16.15,783,40,0,3,4,8.3,334,29,3698,228,244,1.44,1.75,0,0,0.01,0.16,0,0.12,0,0,1,1,1,0,0,0,0,0,0,0,0
Wed Jul 28 2021,27,388.8,14.45,633,29,1,3,8,15.55,319,81,3626,250,219,1.78,0.51,8.8,0,0.04,0.07,0,1.24,0,0,1,2,0,2,0,17,17,0,0,0,0
Thu Jul 29 2021,33,371.25,12.01,649,35,16,3,5,13.91,252,19,3868,320,177,2.31,1.02,0,0,0.05,0.07,0,0,0,0,2,5,5,0,0,0,0,0,0,0,0
Fri Jul 30 2021,48,370.82,9.5,594,38,6,6,6,1.83,253,22,4425,466,171,0,1.53,0.49,0,0,0.11,0,0.08,0,0,3,0,0,0,0,1,1,0,0,0,0
Sat Jul 31 2021,12,372.41,12.09,158,18,10,5,7,0.64,84,21,1414,116,66,0,0,0,0,0,0,0,0.6,0,0,0,0,0,0,0,0,0,0,0,0,0
Sun Aug 01 2021,0,0,0,4,1,1,0,4,0,0,0,0,0,0,0,0,0,0,0,0,0,0,0,0,0,0,0,0,0,0,0,0,0,0,0
Mon Aug 02 2021,3,245.45,11.89,255,23,0,0,1,6.5,40,19,523,44,33,0,0,1,0,0,0,0,0,0,0,0,0,0,0,0,2,2,0,0,0,0
Tue Aug 03 2021,12,265.03,15.36,307,24,1,9,9,21.69,220,75,2503,163,144,2.01,0,0,0,0,0.15,0,0,0,0,0,2,2,0,0,0,0,0,0,0,0
Wed Aug 04 2021,51,372.41,20.25,863,40,22,6,13,28.95,624,223,10005,493,476,1.31,0.97,2.38,0,0,0.84,0,4.84,0,0,2,3,3,0,0,6,6,0,0,0,0
Thu Aug 05 2021,18,368.18,8.89,194,21,7,4,2,0.13,98,16,1583,176,63,0.86,0,4.14,0,0,0.08,0,0.08,0,0,0,2,2,0,0,10,10,0,0,0,0
Fri Aug 06 2021,15,138.46,10.99,744,31,8,21,8,0.73,238,16,4265,390,147,0,0.49,0,0,0.45,0.05,0,0.64,0,0,1,0,0,0,0,0,0,0,0,0,0
Sat Aug 07 2021,0,0,0,7,2,28,0,1,0,1,0,0,0,1,0,0,0,0,0,0.01,0,0.08,0,0,0,0,0,0,0,0,0,0,0,0,0
Sun Aug 08 2021,0,0,0,2,2,3,17,1,0,1,0,0,0,1,0,0,0,0,0,0,0,0,0,0,0,0,0,0,0,0,0,0,0,0,0
Mon Aug 09 2021,18,366.1,14.12,556,26,1,2,2,0,194,22,2500,177,104,0,0,0,0,0,0.09,0,0,0,0,0,0,0,0,0,0,0,0,0,0,0
Tue Aug 10 2021,6,87.1,21.26,590,43,7,9,12,26.48,133,81,5294,248,113,0,1.45,0,0,0.11,0.06,0,0.24,0,0,3,0,0,0,0,0,0,0,0,0,0
Wed Aug 11 2021,0,0,13.23,76,12,0,1,3,22.44,3,16,820,62,1,0.39,0,4.22,0,0,0,0,0.08,0,0,0,1,1,0,0,10,10,0,0,0,0
Thu Aug 12 2021,18,366.1,12.09,268,32,0,8,5,18.6,166,21,2140,177,105,0,0,0,0,0,0.13,0,0,0,0,0,0,0,0,0,0,0,0,0,0,0
Fri Aug 13 2021,9,119.12,13.59,715,29,4,9,4,6.06,186,27,3697,272,126,0,1.45,0.42,0,1.45,0.03,0,0,0,0,3,0,0,0,0,1,1,0,0,0,0
Sat Aug 14 2021,0,0,10.38,97,9,12,5,0,0,41,15,747,71,32,1.24,0.97,0,0,0,0,0,0.88,0,0,2,2,1,1,0,0,0,0,0,0,0
Sun Aug 15 2021,0,0,0,0,0,0,0,0,0,1,0,0,0,1,1.54,0,0,0,0,0,0,0,0,0,0,1,1,0,0,0,0,0,0,0,0
Mon Aug 16 2021,15,308.57,20.75,861,34,0,6,7,24.13,315,80,3631,175,238,0,0,0,0,0,0.21,0,0,0,0,0,0,0,0,0,0,0,0,0,0,0
Tue Aug 17 2021,24,403.74,14.5,635,32,8,12,1,11.67,180,32,3102,214,129,0.94,0,0.47,0,0,0.16,0,0.48,0,0,0,2,2,0,0,1,1,0,0,0,0
Wed Aug 18 2021,30,352.94,26.04,773,34,0,13,8,34.98,371,157,7968,306,262,1.55,0.97,0,0,0.5,0.06,0,0,0,0,2,1,1,0,0,0,0,0,0,0,0
Thu Aug 19 2021,21,356.6,14.04,527,32,0,5,5,17.86,225,51,2962,212,159,1.67,0,0.46,0,0,0.12,0,0,0,0,0,1,1,0,0,1,1,0,0,0,0
Fri Aug 20 2021,24,340.16,14.38,665,35,7,4,11,12.95,221,43,3668,254,174,0,0.49,7.14,0,3,0.11,0,0.4,0,0,1,0,0,0,0,16,16,0,0,0,0
Sat Aug 21 2021,3,245.45,18.75,348,14,4,1,0,18.67,54,21,825,44,41,0,0.49,0,0,1,0.01,0,0,0,0,1,0,0,0,0,0,0,0,0,0,0
Sun Aug 22 2021,0,0,0,0,0,0,0,0,0,0,0,0,0,0,0.46,0,0,0,0,0,0,0,0,0,0,1,1,0,0,0,0,0,0,0,0
Mon Aug 23 2021,0,0,0,2,1,0,0,2,0,4,0,0,0,3,0,0,0,0,0,0.01,0,0,0,0,0,0,0,0,0,0,0,0,0,0,0
Tue Aug 24 2021,18,348.39,11.98,370,26,0,2,6,0.94,125,19,2228,186,97,0.49,0,0,0,0,0.24,0,0,0,0,0,1,1,0,0,0,0,0,0,0,0
Wed Aug 25 2021,18,207.03,15.82,1168,27,2,6,3,12.24,368,135,4999,313,183,0.51,0.49,0,0,0,0.06,0,0.6,0,0,1,1,1,0,0,0,0,0,0,0,0
Thu Aug 26 2021,24,370.82,12.93,559,29,1,10,9,0.33,128,26,2999,233,96,0,0,0,0,0,0.1,0,3.28,0,0,0,0,0,0,0,0,0,0,0,0,0
Fri Aug 27 2021,24,384,14.75,534,30,0,9,5,12.33,211,43,3334,225,153,0.51,0,0,0,0.01,0.18,0,2.44,0,0,0,1,1,0,0,0,0,0,0,0,0
Sat Aug 28 2021,6,322.39,12.93,108,12,0,0,1,18.24,27,19,866,67,24,0.52,0,0,0,0,0.01,0,1.28,0,0,0,1,1,0,0,0,0,0,0,0,0
Sun Aug 29 2021,0,0,0,1,1,0,0,1,0,0,0,0,0,0,1.33,0,0,0,0,0.01,0,0,0,0,0,3,3,0,0,0,0,0,0,0,0
Mon Aug 30 2021,0,0,0,0,0,0,0,0,0,3,0,0,0,3,0,0,0,0,0,0,0,0,0,0,0,0,0,0,0,0,0,0,0,0,0
Tue Aug 31 2021,15,306.82,9.3,377,19,1,6,1,0,98,15,1627,176,75,0,0,0,0,0,0.24,0,0,0,0,0,0,0,0,0,0,0,0,0,0,0
Wed Sep 01 2021,21,269.04,65.78,824,53,7,3,37,43.02,1591,1089,18550,281,1387,0.48,0.94,0,0,0,1.05,0,1.44,0,0,2,1,1,0,0,0,0,0,0,0,0
Thu Sep 02 2021,3,196.36,91.25,84,12,1,1,2,43.44,205,115,5110,55,143,0,0.47,0,0,0.05,0.01,0,0.08,0,0,1,0,0,0,0,0,0,0,0,0,0
Fri Sep 03 2021,15,339.62,9.26,278,17,0,2,1,0,94,15,1463,159,74,2.01,0,0,0,0,0.16,0,0,0,0,0,2,2,0,0,0,0,0,0,0,0
Sat Sep 04 2021,12,382.3,9.67,190,16,2,0,5,0,117,15,1093,113,74,0.9,0.47,6.17,0,1,0.01,0,0.08,0,0.3,1,2,2,0,0,12,12,0,0,0,0
Sun Sep 05 2021,0,0,0,1,1,0,0,1,0,0,0,0,0,0,0.34,0,0,0,0,0,0,0,0,0,0,1,1,0,0,0,0,0,0,0,0
Mon Sep 06 2021,18,366.1,17.16,405,31,0,0,8,19.68,215,61,3038,177,171,0,0,0,0,0,0.81,0,0,0,0,0,0,0,0,0,0,0,0,0,0,0
Tue Sep 07 2021,15,171.43,68.6,709,52,3,7,31,40.41,1649,769,21678,315,1319,0.42,0.94,5.84,0,0,0.35,0,4.24,0,0,2,1,1,0,0,12,12,0,0,0,0
Wed Sep 08 2021,6,84.05,114.95,786,62,8,7,64,35.83,2123,1930,29657,257,1866,0,0,0,0,1.5,4.82,0,4.24,0,0,0,0,0,0,0,0,0,0,0,0,0
Thu Sep 09 2021,9,132.24,60.95,675,49,2,3,25,30.44,681,214,14932,245,571,0,0.94,4.03,0,0,0.28,0,1.68,0,0,2,0,0,0,0,8,8,0,0,0,0
Fri Sep 10 2021,0,0,25.82,536,35,0,1,13,11.28,544,106,7695,299,431,0.33,0.94,0,0,0,0.15,0,0.88,0,0,2,1,1,0,0,0,0,0,0,0,0
Sat Sep 11 2021,0,0,40.75,327,21,0,1,4,2.41,337,82,4931,120,247,0.39,0.47,4.71,0,0,0.01,0,0,0,0,1,1,1,0,0,10,10,0,0,0,0
Sun Sep 12 2021,0,0,0,1,1,0,0,1,0,0,0,0,0,0,0,0,0,0,0,0,0,0,0,0,0,0,0,0,0,0,0,0,0,0,0
Mon Sep 13 2021,9,181.01,13.04,312,27,3,5,1,0,212,20,2335,179,162,0,0,0,0,0,0.47,0,0,0,0,0,0,0,0,0,0,0,0,0,0,0
Tue Sep 14 2021,27,338.68,20.3,394,38,0,0,13,15.95,424,103,5845,287,308,1.24,1.87,0,0,0,0.14,0,0.8,0,0,4,2,1,1,0,0,0,0,0,0,0
Wed Sep 15 2021,24,361.51,12.06,354,35,0,0,6,0.76,225,31,2883,239,175,0.91,0,0,0,0,1.69,0,0,0,0,0,2,2,0,0,0,0,0,0,0,0
Thu Sep 16 2021,22,288,89.84,1050,119,11,8,178,35.15,2571,1984,24797,275,2234,0.88,0.47,17.57,0,1,0.1,0,0.88,0,0,1,2,2,0,0,35,35,0,0,0,0
Fri Sep 17 2021,24,366.1,10.53,366,24,9,3,7,0.04,171,21,2485,236,123,0.94,0.94,0.47,0,0.1,0.08,0,0,0,0,2,2,2,0,0,1,1,0,0,0,0
Sat Sep 18 2021,0,0,0,2,1,0,0,2,0,1,0,0,0,1,0,0,0,0,1,0.01,0,0,0,0,0,0,0,0,0,0,0,0,0,0,0
Sun Sep 19 2021,0,0,0,0,0,0,0,0,0,0,0,0,0,0,1.67,0,0,0,0,0,0,0,0,0,0,1,1,0,0,0,0,0,0,0,0
Mon Sep 20 2021,21,354.93,12.37,410,38,0,0,7,7.36,249,55,2635,213,170,0,0.94,0.82,0,0,2.45,0,0,0,0,2,0,0,0,0,2,2,0,0,0,0
Tue Sep 21 2021,24,338.82,84.84,303,36,5,3,26,32.85,1245,1063,21720,255,1112,0.4,0.47,0.47,0,0,0.28,0,0.8,0,0,1,1,1,0,0,1,1,0,0,0,0
Wed Sep 22 2021,24,309.68,12.75,424,34,0,1,7,13.35,206,46,3544,279,172,0,0,0,0,0,0.16,0,2.48,0,0,0,0,0,0,0,0,0,0,0,0,0
Thu Sep 23 2021,39,357.25,11.54,625,31,2,7,1,2.32,226,32,4523,393,158,0.77,0.47,1.96,0,0,0.12,0,0,0,0,1,2,2,0,0,4,4,0,0,0,0
Fri Sep 24 2021,21,337.5,11.46,398,24,0,5,3,0.08,144,17,2590,224,103,0.51,0.94,0,0,0,0.33,0,0,0,0,2,1,1,0,0,0,0,0,0,0,0
Sat Sep 25 2021,12,360,40.17,305,18,1,2,6,26.33,266,105,4820,120,187,1,0.47,5.56,0,0,0,0,0,0,0,1,2,2,0,0,12,12,0,0,0,0
Sun Sep 26 2021,0,0,0,1,1,0,0,1,0,3,0,0,0,2,0,0,0,0,0,0.01,0,0,0,0,0,0,0,0,0,0,0,0,0,0,0
Mon Sep 27 2021,18,362.01,11.35,415,24,0,5,9,12.01,171,32,2032,179,135,0.5,0,0,0,0,0.19,0,0,0,0,0,1,1,0,0,0,0,0,0,0,0
Tue Sep 28 2021,18,320.79,19.29,390,28,1,3,6,34.14,275,110,3878,202,221,0.52,0.47,0,0,0,0.34,0,1.2,0,0,1,1,1,0,0,0,0,0,0,0,0
Wed Sep 29 2021,18,307.11,10.84,232,28,1,3,3,13.79,123,27,2299,211,94,0.91,0,0,0,0,0.07,0,0.08,0,0,0,2,2,0,0,0,0,0,0,0,0
Thu Sep 30 2021,18,346.52,9.66,222,16,1,3,6,3.82,103,15,1807,187,81,0,0,0,0,1,0.05,0,0.08,0,0,0,0,0,0,0,0,0,0,0,0,0
Fri Oct 01 2021,0,0,0,1,1,0,0,1,0,7,0,0,0,5,0.46,0,0,0,0,0.01,0,0,0,0,0,1,1,0,0,0,0,0,0,0,0
Sat Oct 02 2021,0,0,0,0,0,0,0,0,0,2,0,0,0,2,0,0.94,0,0,0,0,0,0,0,0,2,0,0,0,0,0,0,0,0,0,0
Sun Oct 03 2021,0,0,0,0,0,0,0,0,0,0,0,0,0,0,0.46,0,0,0,0,0.01,0,0,0,0,0,1,1,0,0,0,0,0,0,0,0
Mon Oct 04 2021,18,364.04,8.58,414,21,2,4,1,0,119,13,1518,178,80,0.9,0,0,0,0,0.21,0,0,0,0,0,2,2,0,0,0,0,0,0,0,0
Tue Oct 05 2021,18,290.58,11.43,467,23,2,4,6,10.99,207,28,2538,223,145,0.33,0,0,0,0,0.09,0,0,0,0,0,1,1,0,0,0,0,0,0,0,0
Wed Oct 06 2021,24,345.6,15.76,554,35,0,2,8,7.71,274,53,3957,250,186,0.37,0,0,0,0,0.53,0,1.2,0,0,0,1,1,0,0,0,0,0,0,0,0
Thu Oct 07 2021,27,352.17,16.27,1092,29,3,13,6,5.57,253,44,4508,276,183,0.32,0.94,0,0,0,0.13,0,1.68,0,0,2,1,1,0,0,0,0,0,0,0,0
Fri Oct 08 2021,24,348.39,14.04,789,39,34,28,7,9.11,207,38,3467,248,142,0.45,0,0,0,0,4.61,0,2.48,0,0,0,1,1,0,0,0,0,0,0,0,0
Sat Oct 09 2021,9,311.54,339.13,397,77,7,2,78,39.28,2974,2720,35270,104,2784,0.49,1.66,0.45,0,0.02,0.01,0,7.76,0,0,1,1,1,0,0,1,1,0,0,0,0
Sun Oct 10 2021,0,0,0,1,1,0,0,1,0,3,0,0,0,3,0.32,0,0,0,0,0.01,0,0,0,0,0,1,1,0,0,0,0,0,0,0,0
Mon Oct 11 2021,15,306.82,10.68,460,27,0,2,2,0,158,16,1879,176,128,0,0,0,0,0,0.1,0,0,0,0,0,0,0,0,0,0,0,0,0,0,0
Tue Oct 12 2021,60,355.85,21.16,1446,45,6,12,11,9.62,644,68,12846,607,488,1.64,1.4,0,0,15,0.4,0,1.76,0,0,3,3,2,1,0,0,0,0,0,0,0
Wed Oct 13 2021,21,363.46,25,884,49,6,11,12,10.29,359,136,5200,208,274,0,0,0,0,0,0.2,0,1.68,0,0,0,0,0,0,0,0,0,0,0,0,0
Thu Oct 14 2021,21,320.34,28.71,676,43,9,3,8,24.31,388,73,6775,236,319,1.99,0,5.87,0,0.5,0.31,0,1.04,0,0,0,4,3,1,0,14,14,0,0,0,0
Fri Oct 15 2021,24,321.19,31.67,1113,41,10,22,9,27.03,624,145,8518,269,431,0.81,0.94,0,0,0,0.31,0,1.2,0,0,2,2,2,0,0,0,0,0,0,0,0
Sat Oct 16 2021,21,350,13.39,383,26,0,3,3,12.09,177,52,2920,216,126,0.95,0.94,0.95,0,0,0.08,0,5.32,0,0,2,2,2,0,0,2,2,0,0,0,0
Sun Oct 17 2021,0,0,0,1,1,0,0,1,0,0,0,0,0,0,0.91,0,0,0,0,0,0,0,0,0,0,2,2,0,0,0,0,0,0,0,0
Mon Oct 18 2021,15,305.08,26.98,696,37,0,18,3,20.94,293,65,4775,177,237,0,0,0,0,0,0.26,0,0,0,0,0,0,0,0,0,0,0,0,0,0,0
Tue Oct 19 2021,21,328.7,16.36,526,33,0,7,2,8.69,180,36,3762,230,130,1.67,0.47,0,0,0,0.08,0,0.08,0,0,1,1,1,0,0,0,0,0,0,0,0
Wed Oct 20 2021,27,368.18,17.7,624,40,0,8,9,9.99,305,66,4656,264,233,0,0.47,0,0,0,0.98,0,0.4,0,0,1,0,0,0,0,0,0,0,0,0,0
Thu Oct 21 2021,24,336.19,77.72,779,48,0,6,11,37.65,1236,514,19896,257,1051,0.79,0.47,0.93,0,2,0.26,0,0.88,0,0,1,2,2,0,0,2,2,0,0,0,0
Fri Oct 22 2021,24,328.52,17.5,404,29,17,12,7,19.12,233,61,4603,263,163,0,0.47,0,0,0,0.21,0,1.2,0,0,1,0,0,0,0,0,0,0,0,0,0
Sat Oct 23 2021,6,248.28,18.17,139,14,0,1,1,20.94,89,46,1581,87,73,0.72,0,0,0,1,0,0,2.24,0,0,0,2,2,0,0,0,0,0,0,0,0
Sun Oct 24 2021,0,0,0,0,0,1,0,0,0,0,0,0,0,0,0.47,0,0,0,0,0,0,0,0,0,0,1,1,0,0,0,0,0,0,0,0
Mon Oct 25 2021,18,358.01,21.62,425,35,0,2,6,5.6,344,82,3913,181,259,0.51,0,0,0,0,6.96,0,0,0,0,0,1,1,0,0,0,0,0,0,0,0
Tue Oct 26 2021,30,354.1,159.71,648,69,1,5,62,31.98,2620,785,48712,305,2288,0,1.87,0.61,0,0,0.29,0,2.68,0,0,4,0,0,0,0,2,2,0,0,0,0
Wed Oct 27 2021,21,324.46,21.84,585,51,0,1,16,17.7,492,103,5068,233,391,0.96,1.87,0,0,0,0.94,0,0.48,0,0,4,2,2,0,0,0,0,0,0,0,0
Thu Oct 28 2021,27,341.05,29.27,483,29,1,0,5,24.58,552,222,8371,285,468,0.52,0,0,0,0.1,0.5,0,0.8,0,0,0,1,1,0,0,0,0,0,0,0,0
Fri Oct 29 2021,24,336.19,21.33,1080,34,5,11,7,5.87,373,57,5503,257,262,1.33,0,0,0,0,0.46,0,0.16,0,0,0,3,3,0,0,0,0,0,0,0,0
Sat Oct 30 2021,9,344.68,29.57,404,46,0,0,9,19.78,216,124,2780,94,181,0.47,0,0,0,0,0,0,0.4,0,0,0,1,1,0,0,0,0,0,0,0,0
Sun Oct 31 2021,0,0,0,0,0,0,0,0,0,2,0,0,0,2,0,0,0,0,0,0,0,0,0,0,0,0,0,0,0,0,0,0,0,0,0
Mon Nov 01 2021,15,317.65,17.98,674,24,0,6,2,0,163,26,3057,170,128,0.44,0,0,0,0,0.35,0,0,0,0,0,1,1,0,0,0,0,0,0,0,0
Tue Nov 02 2021,27,366.79,18.92,809,45,1,4,9,16.41,376,48,5014,265,276,0,0.95,1.26,0,0,0.26,0,3.04,0,0,2,0,0,0,0,3,3,0,0,0,0
Wed Nov 03 2021,24,305.3,14.29,1015,34,0,3,6,13.23,233,58,4029,283,174,0.44,0.95,0,0,1,0.54,0,0.08,0,0,2,1,1,0,0,0,0,0,0,0,0
Thu Nov 04 2021,24,351.22,20.81,735,49,1,4,15,9.38,479,167,5120,246,345,0.76,0,3.89,0,0,0.38,0,0.88,0,0,0,2,2,0,0,10,10,0,0,0,0
Fri Nov 05 2021,24,342.86,17.14,581,45,0,4,7,8.67,416,81,4337,252,281,0.73,0,0,0,4,0.3,0,0.8,0,0,0,2,2,0,0,0,0,0,0,0,0
Sat Nov 06 2021,9,405,13.78,127,15,0,2,2,20.33,102,22,1102,80,84,0.44,0,0,0,2.1,0,0,1.36,0,0,0,1,1,0,0,0,0,0,0,0,0
Sun Nov 07 2021,0,0,0,0,0,0,0,0,0,1,0,0,0,1,0.31,0,0,0,0,0.01,0,0,0,0,0,1,1,0,0,0,0,0,0,0,0
Mon Nov 08 2021,18,362.01,13,349,26,0,0,4,5.76,190,30,2327,179,139,0.79,0,0,0,0,0.34,0,0,0,0,0,2,2,0,0,0,0,0,0,0,0
Tue Nov 09 2021,24,336.19,16.88,656,44,1,7,5,8.56,243,29,4320,257,174,0,0,2.75,0,0,0.36,0,1.2,0,0,0,0,0,0,0,6,6,0,0,0,0
Wed Nov 10 2021,27,297.25,18.97,757,48,1,2,6,16.48,434,67,6202,327,325,0.31,0.48,0,0,0,0.44,0,1.2,0,0,1,1,1,0,0,0,0,0,0,0,0
Thu Nov 11 2021,21,317.65,17.1,508,37,0,5,4,12.98,271,69,4069,238,191,0,0,0,0,0,0.7,0,0.4,0,0,0,0,0,0,0,0,0,0,0,0,0
Fri Nov 12 2021,21,325.86,20.13,409,45,0,3,10,25.33,259,64,4650,232,200,1.19,2.13,2.96,0,0,0.27,0,0.88,0,0,2,2,1,1,0,6,6,0,0,0,0
Sat Nov 13 2021,12,454.74,13.79,148,15,0,0,0,7.25,60,19,1310,95,49,0,0.48,0.98,0,0.74,0,0,2,0,0,1,0,0,0,0,2,2,0,0,0,0
Sun Nov 14 2021,0,0,0,0,0,0,0,0,0,1,0,0,0,1,0.89,0,0,0,0,0.01,0,0,0,0,0,2,2,0,0,0,0,0,0,0,0
Mon Nov 15 2021,15,306.82,17.45,478,34,0,8,3,0,172,28,3071,176,137,0.82,0,0,0,0,0.54,0,0,0,0,0,2,2,0,0,0,0,0,0,0,0
Tue Nov 16 2021,18,339.27,12.56,325,28,4,1,1,5.74,147,23,2386,191,111,0.45,1.42,0,0,0,1.17,0,0.4,0,0,3,1,1,0,0,0,0,0,0,0,0
Wed Nov 17 2021,24,341.5,23.46,864,48,0,2,12,5.86,315,131,5960,253,251,0.88,0.95,0.44,0,0,0.35,0,0,0,0,2,2,2,0,0,1,1,0,0,0,0
Thu Nov 18 2021,18,332.31,29.94,573,44,2,11,14,15.52,448,155,5869,195,373,0,0,0,0,0,2.29,0,0,0,0,0,0,0,0,0,0,0,0,0,0,0
Fri Nov 19 2021,42,331.58,28.86,849,65,0,2,15,25.26,490,67,13159,456,372,1.86,0.48,0,0,0,0.76,0,0,0,0,1,1,1,0,0,0,0,0,0,0,0
Sat Nov 20 2021,27,362.69,13.46,641,23,0,0,5,3.47,130,24,3607,268,96,1.05,0.95,0,0,0,0,0,0.4,0,0,2,3,3,0,0,0,0,0,0,0,0
Sun Nov 21 2021,0,0,0,0,0,0,0,0,0,0,0,0,0,0,0.31,0,0,0,0,0.02,0,0,0,0,0,1,1,0,0,0,0,0,0,0,0
Mon Nov 22 2021,18,364.04,19.78,498,38,0,0,5,16.19,217,59,3521,178,172,0,0,0,0,0,0.53,0,0,0,0,0,0,0,0,0,0,0,0,0,0,0
Tue Nov 23 2021,18,291.89,14.24,438,26,0,3,2,14.64,171,43,3162,222,110,0.73,1.42,0,0,0,0.25,0,0.88,0,0,3,2,2,0,0,0,0,0,0,0,0
Wed Nov 24 2021,12,313.04,9.89,324,23,0,5,7,14.83,113,17,1355,138,86,0,0.48,0,0,0,0.24,0,0,0,0,1,0,0,0,0,0,0,0,0,0,0
Thu Nov 25 2021,27,362.69,13.23,713,39,0,5,2,11.1,261,44,3532,268,208,0.47,0,0,0,0,0.38,0,0.08,0,0,0,1,1,0,0,0,0,0,0,0,0
Fri Nov 26 2021,33,347.37,24.49,669,49,0,5,24,12.53,499,110,8374,342,377,0.36,0.48,0,0,0,1.65,0,0.8,0,0,1,1,1,0,0,0,0,0,0,0,0
Sat Nov 27 2021,27,349.64,20.58,692,38,0,1,7,18.06,405,99,5743,278,287,0.95,0.48,2.74,0,0,0.9,0,0.4,0,0,1,2,2,0,0,6,6,0,0,0,0
Sun Nov 28 2021,0,0,0,0,0,0,0,0,0,1,0,0,0,1,0.52,0,0,0,0,0,0,0,0,0,0,1,1,0,0,0,0,0,0,0,0
Mon Nov 29 2021,18,364.04,13.87,336,30,1,11,3,2.8,155,29,2468,178,113,1.33,0,0,0,0,0.2,0,0,0,0,0,3,3,0,0,0,0,0,0,0,0
Tue Nov 30 2021,15,296.7,19.06,408,32,19,0,8,7.41,226,133,3469,182,176,0.48,0.48,2.36,0,0,0.77,0,0,0,0,1,1,1,0,0,5,5,0,0,0,0
Wed Dec 01 2021,18,362.01,18.59,327,30,0,2,4,5.95,185,37,3328,179,136,0.43,0.5,0,0,0,0.28,0,1.6,0,0,1,1,1,0,0,0,0,0,0,0,0
Thu Dec 02 2021,18,344.68,16.13,335,36,0,3,1,8.74,184,50,3032,188,141,0,0,0,0,0.25,0.32,0,0,0,0,0,0,0,0,0,0,0,0,0,0,0
Fri Dec 03 2021,24,326.04,13.08,463,32,1,3,3,4.06,194,23,3452,265,147,0.43,0,2.34,0,1,0.22,0,0.6,0,0,0,1,1,0,0,5,5,0,0,0,0
Sat Dec 04 2021,0,0,9.47,61,11,0,1,0,0,85,19,379,39,39,0.75,0.5,0,0,0,0.01,0,0,0,0,1,2,2,0,0,0,0,0,0,0,0
Sun Dec 05 2021,0,0,0,1,1,0,0,1,0,1,0,0,0,1,0.73,0,0,0,0,0.01,0,0,0,0,0,2,2,0,0,0,0,0,0,0,0
Mon Dec 06 2021,12,351.22,13.33,196,19,0,3,1,0,120,22,1640,123,96,0,0.5,0,0,0,0.15,0,0,0,0,1,0,0,0,0,0,0,0,0,0,0
Tue Dec 07 2021,0,0,0,0,0,0,0,0,0,6,0,0,0,3,0.78,0.5,0,0,0,0.01,0,0,0,0,1,2,2,0,0,0,0,0,0,0,0
Wed Dec 08 2021,9,364.04,157.51,266,33,5,9,4,56.23,876,605,14018,89,779,0,0,0,0,0,2.47,0,0,0,0,0,0,0,0,0,0,0,0,0,0,0
Thu Dec 09 2021,21,324.46,35.18,923,30,15,16,7,34.28,359,90,8233,233,283,0,0,0,0,1,0.65,0,0,0,0,0,0,0,0,0,0,0,0,0,0,0
Fri Dec 10 2021,6,276.92,18.06,395,21,0,3,4,0,85,26,1409,78,71,0.31,1.49,0.44,0,0,0.02,0,0.8,0,0,3,1,1,0,0,1,1,0,0,0,0
Sat Dec 11 2021,24,345.6,19.78,260,22,94,5,7,17.41,427,159,4945,250,344,0,0,0,0,0,0.88,0,0,0,0,0,0,0,0,0,0,0,0,0,0,0
Sun Dec 12 2021,27,349.64,17.62,541,35,0,2,14,19.62,437,161,4898,278,360,1.57,0.5,0,0,0,0.99,0,0,0,0,1,3,2,1,0,0,0,0,0,0,0
Mon Dec 13 2021,18,352.17,13.19,358,31,0,4,0,5.4,167,53,2427,184,139,0,0.5,2.21,0,0,0.29,0,0,0,0,1,0,0,0,0,6,6,0,0,0,0
Tue Dec 14 2021,24,341.5,12.2,476,22,0,2,2,7.97,170,23,3099,253,138,0.84,0.5,0,0,0,0.28,0,1.04,0,0,1,2,2,0,0,0,0,0,0,0,0
Wed Dec 15 2021,21,320.34,13.19,571,28,2,3,8,5.41,285,29,3126,236,205,0.76,0,0,0,0,0.34,0,0,0,0,0,2,2,0,0,0,0,0,0,0,0
Thu Dec 16 2021,24,354.1,24.33,844,45,0,13,12,16.37,392,67,5913,244,299,0,0.99,0.38,0,3,0.61,0,0,0,0,2,0,0,0,0,1,1,0,0,0,0
Fri Dec 17 2021,24,345.6,21.62,623,43,15,4,6,13.67,358,48,5406,250,270,1.31,2.15,3.65,0,3.02,0.28,0,0,0,0,2,3,3,0,0,9,9,0,0,0,0
Sat Dec 18 2021,3,327.27,25.09,85,16,0,0,2,6.64,90,60,828,33,75,0,0.99,0,0,0.01,0,0,0,0,0,2,0,0,0,0,0,0,0,0,0,0
Sun Dec 19 2021,0,0,0,0,0,0,0,0,0,1,0,0,0,1,2.24,0,0,0,0,0,0,0,0,0,0,2,2,0,0,0,0,0,0,0,0
Mon Dec 20 2021,15,306.82,15.17,453,37,0,1,7,8.93,248,125,2654,176,188,0,0,0,0,0,0.42,0,0,0,0,0,0,0,0,0,0,0,0,0,0,0
Tue Dec 21 2021,21,354.93,17.25,388,35,2,5,9,12,219,60,3692,213,171,0.31,1.49,0,0,0.05,0.15,0,0,0,0,3,1,1,0,0,0,0,0,0,0,0
Wed Dec 22 2021,27,388.8,16.14,557,28,20,3,1,13.11,378,42,4050,250,153,0,0.99,0.84,0,0,0.12,0,0,0,0,2,0,0,0,0,2,2,0,0,0,0
Thu Dec 23 2021,18,316.1,11.54,585,25,1,2,0,0,151,19,2377,205,102,0.72,0.5,0,0,1,0.2,0,0,0,0,1,2,2,0,0,0,0,0,0,0,0
Fri Dec 24 2021,3,540,16.75,73,14,0,1,1,0,15,20,335,20,12,0.39,0.5,0,0,0,0,0,0,0,0,1,1,1,0,0,0,0,0,0,0,0
Sat Dec 25 2021,0,0,0,0,0,0,0,0,0,0,0,0,0,0,0.47,0,0,0,0,0,0,0,0,0,0,1,1,0,0,0,0,0,0,0,0
Sun Dec 26 2021,0,0,0,0,0,0,0,0,0,1,0,0,0,1,0.31,0,0,0,0,0,0,0,0,0,0,1,1,0,0,0,0,0,0,0,0
Mon Dec 27 2021,18,362.01,15.5,404,24,0,2,4,5.44,197,66,2759,179,143,0.47,0,0,0,0,0.3,0,0,0,0,0,1,1,0,0,0,0,0,0,0,0
Tue Dec 28 2021,18,308.57,14.92,357,26,0,1,3,11.31,185,31,3149,210,135,0.98,0,0,0,0.01,0.28,0,0,0,0,0,2,2,0,0,0,0,0,0,0,0
Wed Dec 29 2021,33,330,23.12,823,58,3,6,12,19.75,554,94,8346,360,426,1.74,0.99,0,0,0.01,0.92,0,0,0,0,2,4,4,0,0,0,0,0,0,0,0
Thu Dec 30 2021,30,322.39,13.6,854,40,2,8,9,16.02,260,35,4556,335,180,0.48,0.5,0,0,3.15,0.26,0,0,0,0,1,1,1,0,0,0,0,0,0,0,0
Fri Dec 31 2021,39,352.76,22.29,890,49,1,7,13,23.28,675,70,8848,398,492,0,0,0,0,1,0.81,0,0,0,0,0,0,0,0,0,0,0,0,0,0,0
Sat Jan 01 2022,0,0,0,0,0,0,0,0,0,0,0,0,0,0,0.44,0,0,0,0,0,0,0,0,0,0,1,1,0,0,0,0,0,0,0,0
Sun Jan 02 2022,0,0,0,0,0,0,0,0,0,0,0,0,0,0,0,0,0,0,0,0,0,0,0,0,0,0,0,0,0,0,0,0,0,0,0
Mon Jan 03 2022,18,320.79,17.81,268,37,1,3,1,23.9,251,72,3598,202,206,0.43,0,0,0,10,0.09,0,0,0,0,0,1,1,0,0,0,0,0,0,0,0
Tue Jan 04 2022,18,327.27,15.15,589,38,0,3,3,8.36,215,36,3014,198,141,0.75,0,0,0,0.06,0.24,0,0,0,0,0,2,2,0,0,0,0,0,0,0,0
Wed Jan 05 2022,27,356.04,72.87,1702,44,0,5,17,39.88,970,796,19967,273,838,0.73,0.51,0,0,0.05,0.06,0,0,0,0,1,2,2,0,0,0,0,0,0,0,0
Thu Jan 06 2022,24,360,24.18,879,54,27,14,2,6.42,525,150,5778,240,349,0.79,0,0,0,1.06,0.12,0,0,0,0,0,2,2,0,0,0,0,0,0,0,0
Fri Jan 07 2022,12,291.89,29.71,486,31,0,3,4,11.21,413,78,4397,148,182,1.08,1.66,0,0,1.09,0.11,0,0,0,0.01,1,3,3,0,0,0,0,0,0,0,0
Sat Jan 08 2022,12,354.1,22.53,438,23,0,2,5,8.4,174,29,2749,122,135,0,0,0,0,0.06,0,0,0,0,0,0,0,0,0,0,0,0,0,0,0,0
Sun Jan 09 2022,0,0,0,1,1,0,0,1,0,1,0,0,0,1,0,0,0,0,0,0,0,0,0,0,0,0,0,0,0,0,0,0,0,0,0
Mon Jan 10 2022,18,360,17.85,528,33,2,8,0,6.45,277,45,3195,180,189,0.31,0,0,0,0,0.05,0,0,0,0,0,1,1,0,0,0,0,0,0,0,0
Tue Jan 11 2022,18,291.89,32.14,460,29,0,3,5,42.88,471,78,7167,222,373,0.47,1.02,0,0,1.73,0.11,0,0,0,0,2,1,1,0,0,0,0,0,0,0,0
Wed Jan 12 2022,27,322.92,31.92,725,39,0,3,13,29.21,621,169,9640,301,501,1.14,1.02,0,0,0,0.22,0,0,0,0,2,2,1,1,0,0,0,0,0,0,0
Thu Jan 13 2022,39,335.89,18.01,1459,52,0,4,17,10.12,524,97,7528,418,365,0.73,0,0.39,0,10.04,0.04,0,0,0,0,0,1,0,1,0,1,1,0,0,0,0
Fri Jan 14 2022,6,415.38,15.56,232,13,16,4,0,6.3,41,19,809,52,33,1.18,1.02,0,0,0.01,0,0,0,0,0,2,3,3,0,0,0,0,0,0,0,0
Sat Jan 15 2022,0,0,0,0,0,0,0,0,0,0,0,0,0,0,0.77,0,0,0,0,0,0,0,0,0,0,2,2,0,0,0,0,0,0,0,0
Sun Jan 16 2022,0,0,0,0,0,2,0,0,0,1,0,0,0,1,0,0,0,0,0,0,0,0,0,0,0,0,0,0,0,0,0,0,0,0,0
Mon Jan 17 2022,15,325.3,13.34,650,32,1,1,3,5.12,166,29,2227,166,131,0.87,0,0,0,0,0.01,0,0,0,0,0,2,2,0,0,0,0,0,0,0,0
Tue Jan 18 2022,15,312.14,16.95,682,35,0,1,6,8.3,268,41,2915,173,194,0.32,1.02,0,0,0,0.06,0,0,0,0,2,1,1,0,0,0,0,0,0,0,0
Wed Jan 19 2022,21,331.58,14.28,880,30,1,5,1,4.07,145,22,3242,228,100,2.26,0,0,0,0,0.04,0,0,0,0,0,2,2,0,0,0,0,0,0,0,0
Thu Jan 20 2022,21,366.99,12.69,501,30,1,8,6,11.48,188,25,2614,206,136,0,1.02,0,0,0.03,0.04,0,0,0,0,2,0,0,0,0,0,0,0,0,0,0
Fri Jan 21 2022,21,348.39,25.31,484,35,0,0,7,22.52,401,153,5492,217,316,0.32,0,0,0,0,0.26,0,0,0,0,0,1,1,0,0,0,0,0,0,0,0
Sat Jan 22 2022,3,263.41,30.32,63,13,0,0,2,24.3,73,37,1243,41,54,0,1.02,0,0,0.02,0,0,0,0,0,2,0,0,0,0,0,0,0,0,0,0
Sun Jan 23 2022,0,0,0,0,0,0,0,0,0,0,0,0,0,0,0.73,0,0,0,0,0.01,0,0,0,0,0,2,2,0,0,0,0,0,0,0,0
Mon Jan 24 2022,15,333.33,12.67,388,23,14,3,4,0,132,20,2065,162,92,0.87,0.51,0,0,0,0.06,0,0,0,0,1,2,2,0,0,0,0,0,0,0,0
Tue Jan 25 2022,18,362.01,16.4,393,28,6,3,5,15.98,179,53,2935,179,144,0.47,1.53,0,0,0,0.07,0,0,0,0,3,1,1,0,0,0,0,0,0,0,0
Wed Jan 26 2022,0,0,18.67,57,10,3,0,2,21.43,30,28,560,29,27,0.32,1.82,0.45,0,0,0,0,0,0,0,1,1,1,0,0,1,1,0,0,0,0
Thu Jan 27 2022,18,362.01,21.96,407,36,0,4,16,16.49,404,112,3930,179,260,0.49,0,0,0,0,0.44,0,0,0,0,0,1,1,0,0,0,0,0,0,0,0
Fri Jan 28 2022,51,345.11,15.59,589,56,4,2,15,9.88,498,35,8323,532,353,1.01,0.51,0,0,5.25,0.14,0,0,0,0,1,2,2,0,0,0,0,0,0,0,0
Sat Jan 29 2022,30,313.95,51.45,524,46,0,6,17,47.61,1219,533,17750,344,1070,1.38,1.53,0,0,3.06,0.5,0,0,0,0,3,3,3,0,0,0,0,0,0,0,0
Sun Jan 30 2022,0,0,0,1,1,4,0,1,0,2,0,0,0,1,0.48,0,0,0,0,0,0,0,0,0,0,1,1,0,0,0,0,0,0,0,0
Mon Jan 31 2022,27,331.74,19.35,594,37,6,3,7,18.87,420,67,5671,293,335,0,0,0,0,0.15,0.33,0,0,0,0,0,0,0,0,0,0,0,0,0,0,0
Tue Feb 01 2022,33,350.44,18.12,402,24,2,5,11,18.59,398,39,6142,339,311,0.91,0,0,0,0.01,0.15,0,0,0,0,0,2,2,0,0,0,0,0,0,0,0
Wed Feb 02 2022,24,333.59,12.5,466,30,1,10,9,3.41,223,39,3251,259,157,0.46,0,0,0,0,0.1,0,0,0,0,0,1,1,0,0,0,0,0,0,0,0
Thu Feb 03 2022,24,346.99,17.18,407,32,2,3,6,8.38,305,72,4294,249,229,0.46,0,0,0,0.3,1,0,0,0,0,0,1,1,0,0,0,0,0,0,0,0
Fri Feb 04 2022,24,387.44,56.08,785,41,1,7,23,27.25,738,537,12505,223,640,0.78,0.56,2.01,0,0,0.06,0,0,0,0,1,2,2,0,0,5,5,0,0,0,0
Sat Feb 05 2022,0,0,0,0,0,1,0,0,0,0,0,0,0,0,0.78,0,0,0,0,0,0,0,0,0,0,2,2,0,0,0,0,0,0,0,0
Sun Feb 06 2022,0,0,0,0,0,0,0,0,0,0,0,0,0,0,0,0,0,0,0,0,0,0,0,0,0,0,0,0,0,0,0,0,0,0,0
Mon Feb 07 2022,15,306.82,17.32,506,38,0,7,6,2.43,206,55,3048,176,162,0.38,0,0,0,0,0.35,0,0,0,0,0,1,1,0,0,0,0,0,0,0,0
Tue Feb 08 2022,21,331.58,16.77,539,30,0,1,5,14.34,427,58,3807,228,357,0.84,1.67,0.97,0,3,0.14,0,0,0,0,3,2,2,0,0,2,2,0,0,0,0
Wed Feb 09 2022,24,338.82,12.85,632,24,0,0,4,7.39,203,34,3276,255,153,0,0.56,0,0,0.01,0.08,0,0,0,0,1,0,0,0,0,0,0,0,0,0,0
Thu Feb 10 2022,18,339.27,12.69,433,24,1,2,4,7.1,182,23,2424,191,138,0.34,1.12,0,0,0,0.18,0,0,0,0,2,1,1,0,0,0,0,0,0,0,0
Fri Feb 11 2022,21,320.34,14.32,714,32,0,2,6,0.38,222,26,3380,236,156,0,0.56,0,0,0,0.39,0,0,0,0,1,0,0,0,0,0,0,0,0,0,0
Sat Feb 12 2022,15,357.62,16.49,519,21,0,4,3,5.35,121,26,2506,151,95,1.64,1.12,0,0,0.4,0.03,0,0,0,0,2,3,2,1,0,0,0,0,0,0,0
Sun Feb 13 2022,0,0,0,1,1,0,0,1,0,0,0,0,0,0,0.77,0,0,0,0,0,0,0,0,0,0,1,0,1,0,0,0,0,0,0,0
Mon Feb 14 2022,0,0,0,0,0,0,0,0,0,1,0,0,0,1,0.84,0,0,0,0,0.01,0,0,0,0,0,2,2,0,0,0,0,0,0,0,0
Tue Feb 15 2022,15,306.82,23.4,537,43,0,5,8,19.13,288,41,4119,176,216,0.8,0,0,0,0,0.7,0,0,0,0,0,2,2,0,0,0,0,0,0,0,0
Wed Feb 16 2022,21,336,22.44,563,29,0,8,6,22.17,491,56,5048,225,310,0.47,1.67,12.71,0,6,0.09,0,0,0,0,3,1,1,0,0,31,31,0,0,0,0
Thu Feb 17 2022,24,372.41,13.11,528,33,0,9,9,8.06,211,40,3054,232,163,0.94,0.56,0,0,0.2,0.19,0,0.68,0,0,1,2,2,0,0,0,0,0,0,0,0
Fri Feb 18 2022,21,294.16,13.46,604,44,0,3,2,4.19,191,30,3459,257,143,0,1.12,0,0,0,0.14,0,0.56,0,0,2,0,0,0,0,0,0,0,0,0,0
Sat Feb 19 2022,18,372.41,8.64,298,15,0,1,1,5.19,89,23,1504,174,71,2.13,0.56,4.21,0,0.02,0.11,0,0,0,0,1,2,2,0,0,10,10,0,0,0,0
Sun Feb 20 2022,12,315.33,7.44,318,13,0,0,4,0.1,77,24,1027,137,60,0.35,0.56,0,0,0,0,0,0,0,0,1,1,1,0,0,0,0,0,0,0,0
Mon Feb 21 2022,15,287.23,12.37,484,24,0,4,2,3.41,155,38,2314,188,105,0,0,0,0,0,0.1,0,0,0,0,0,0,0,0,0,0,0,0,0,0,0
Tue Feb 22 2022,18,328.93,29.37,534,42,6,6,12,29.42,585,400,5785,197,512,0,0,0,0,0,0.98,0,0,0,0,0,0,0,0,0,0,0,0,0,0,0
Wed Feb 23 2022,21,298.81,40.79,546,37,0,7,10,30.16,342,175,10320,253,268,1.16,0.56,0,0,0,0.2,0,0,0,0,1,3,3,0,0,0,0,0,0,0,0
Thu Feb 24 2022,6,514.29,11.98,111,8,0,0,0,9.34,23,16,503,42,19,0.92,0,0,0,1.01,0,0,0.16,0,0,0,2,2,0,0,0,0,0,0,0,0
Fri Feb 25 2022,15,321.43,21.09,570,26,0,3,1,17.1,222,56,3543,168,175,0.51,0.56,0,0,0,0.46,0,0,0,0,1,1,1,0,0,0,0,0,0,0,0
Sat Feb 26 2022,27,335.17,16.57,861,48,9,4,10,8.48,269,29,4822,290,200,0.34,4.46,0.47,0,0.36,0.37,0,0,0,0,8,1,1,0,0,1,1,0,0,0,0
Sun Feb 27 2022,42,336.75,16.06,788,40,6,7,16,31.36,439,108,7195,449,366,0.52,0.56,0,0,0.01,0.84,0,0,0,0,1,1,1,0,0,0,0,0,0,0,0
Mon Feb 28 2022,33,366.67,41.67,1227,58,1,5,68,33.02,1629,1057,13502,324,1298,2.45,0.56,0,0,0,3.42,0,0.4,0,0,1,5,5,0,0,0,0,0,0,0,0
Tue Mar 01 2022,21,333.04,90.04,758,33,12,8,6,44.38,675,416,20620,227,559,0,0.53,0,0,0,0.09,0,0,0,0,1,0,0,0,0,0,0,0,0,0,0
Wed Mar 02 2022,24,372.41,10.88,552,21,1,0,2,0,142,18,2513,232,116,0,0,0,0,0.01,0.16,0,0,0,0,0,0,0,0,0,0,0,0,0,0,0
Thu Mar 03 2022,18,288,15.42,455,37,0,8,8,5.54,227,88,3486,225,189,0.48,0,0,0,0,0.1,0,0,0,0,0,1,1,0,0,0,0,0,0,0,0
Fri Mar 04 2022,24,374.03,9.51,382,22,2,2,1,11.33,147,19,2206,231,106,0.96,0,0,0,0,0.1,0,0.2,0,0,0,2,2,0,0,0,0,0,0,0,0
Sat Mar 05 2022,12,400,10.78,307,14,0,0,1,2.32,54,15,1164,108,40,0.35,0.53,0,0,0,0,0,0.32,0,0,1,1,1,0,0,0,0,0,0,0,0
Sun Mar 06 2022,0,0,0,0,0,0,0,0,0,1,0,0,0,1,0,0,0,0,0,0,0,0,0,0,0,0,0,0,0,0,0,0,0,0,0
Mon Mar 07 2022,15,303.37,13.92,248,28,0,3,3,7.59,158,25,2464,178,126,0.4,0,0,0,0,0.33,0,0,0,0,0,1,1,0,0,0,0,0,0,0,0
Tue Mar 08 2022,27,357.35,13.76,604,30,0,4,6,13.36,278,35,3742,272,200,1.26,0.53,0,0,0,0.39,0,0,0,0,1,3,3,0,0,0,0,0,0,0,0
Wed Mar 09 2022,27,376.74,17.13,515,26,0,5,3,4.73,241,101,4420,258,179,0,0.53,0,0,0.12,0.11,0,0,0,0,1,0,0,0,0,0,0,0,0,0,0
Thu Mar 10 2022,9,334.02,14.29,314,13,0,1,1,1.01,35,22,1386,97,33,0.36,0.53,0,0,0.09,0.01,0,0,0,0,1,1,1,0,0,0,0,0,0,0,0
Fri Mar 11 2022,15,306.82,9.29,303,13,1,3,1,0,115,17,1626,176,81,0,0,0,0,0,0.11,0,0,0,0,0,0,0,0,0,0,0,0,0,0,0
Sat Mar 12 2022,6,372.41,9.72,153,10,5,0,1,0,36,14,564,58,30,1.28,0,0,0,0,0,0,0,0,0,0,2,1,1,0,0,0,0,0,0,0
Sun Mar 13 2022,0,0,0,0,0,0,0,0,0,1,0,0,0,1,0.8,0,0,0,0,0.01,0,0,0,0,0,1,0,1,0,0,0,0,0,0,0
Mon Mar 14 2022,15,310.34,13.25,744,29,3,3,3,1.91,176,34,2306,174,115,1.3,0,0,0,0,0.12,0,0,0,0,0,3,3,0,0,0,0,0,0,0,0
Tue Mar 15 2022,24,338.82,20.16,479,29,9,11,6,35.6,326,126,5140,255,275,1.26,0,0,0,0.67,0.25,0,1.28,0,0,0,3,3,0,0,0,0,0,0,0,0
Wed Mar 16 2022,15,315.79,17.08,458,26,2,3,3,0.9,143,26,2903,171,109,0,0,0,0,0,0.15,0,0,0,0,0,0,0,0,0,0,0,0,0,0,0
Thu Mar 17 2022,18,317.65,9.66,527,27,2,0,4,2.94,128,19,1971,204,87,0,0,0,0,0,0.17,0,0,0,0,0,0,0,0,0,0,0,0,0,0,0
Fri Mar 18 2022,15,272.73,11.63,459,24,0,1,3,2.56,121,18,2302,198,87,0,0,0,0,0,0.15,0,0.2,0,0,0,0,0,0,0,0,0,0,0,0,0
Sat Mar 19 2022,27,331.74,15.68,507,33,0,3,12,14.52,343,98,4595,293,260,2.14,1.59,0,0,1,0.39,0,0.16,0,0,3,2,2,0,0,0,0,0,0,0,0
Sun Mar 20 2022,21,321.7,12.99,362,24,0,4,8,0,228,23,3052,235,167,0,0.53,0,0,0,0.19,0,0,0,0,1,0,0,0,0,0,0,0,0,0,0
Mon Mar 21 2022,18,356.04,17.81,518,34,1,4,7,19.14,177,52,3223,182,130,0,0,0,0,0,0.26,0,0,0,0,0,0,0,0,0,0,0,0,0,0,0
Tue Mar 22 2022,15,271.36,26.37,417,29,1,5,9,23.63,327,150,5247,199,281,0,1.06,0.45,0,0.02,0.43,0,0.2,0,0,2,0,0,0,0,1,1,0,0,0,0
Wed Mar 23 2022,18,350.27,12.97,337,20,0,3,0,4.86,128,26,2386,185,91,0.49,0,0,0,1,0.16,0,0.2,0,0,0,1,1,0,0,0,0,0,0,0,0
Thu Mar 24 2022,27,353.45,14.42,380,31,0,4,3,6.17,200,24,3952,275,149,0.94,0,0,0,0.01,0.22,0,0,0,0,0,2,2,0,0,0,0,0,0,0,0
Fri Mar 25 2022,21,309.84,19.47,700,38,0,3,8,5.89,330,92,4751,244,223,1.05,0,0,0,0,0.35,0,0,0,0,0,2,2,0,0,0,0,0,0,0,0
Sat Mar 26 2022,6,440.82,24.18,144,15,0,0,1,8.19,55,33,1185,49,30,0.89,1.06,0,0,0,0.01,0,0,0,0,2,2,2,0,0,0,0,0,0,0,0
Sun Mar 27 2022,0,0,0,0,0,0,0,0,0,0,0,0,0,0,0.56,0,0,0,0,0,0,0,0,0,0,1,1,0,0,0,0,0,0,0,0
Mon Mar 28 2022,15,313.95,20.62,522,32,0,2,2,27.81,186,61,3546,172,158,1.08,0.53,0,0,0,0.6,0,0,0,0,1,2,2,0,0,0,0,0,0,0,0
Tue Mar 29 2022,6,490.91,14.48,74,8,1,0,0,13.81,40,21,637,44,31,0.99,1.06,0,0,0,0,0,0.16,0,0,2,2,2,0,0,0,0,0,0,0,0
Wed Mar 30 2022,12,360,9.21,179,17,0,3,1,0.45,57,16,1105,120,45,0.48,0,0,0,0,0.14,0,0,0,0,0,1,1,0,0,0,0,0,0,0,0
Thu Mar 31 2022,9,234.78,14.71,386,25,0,0,1,14.45,193,40,2000,138,130,0,0,0,0,0,0.39,0,0,0,0,0,0,0,0,0,0,0,0,0,0,0
Fri Apr 01 2022,27,331.74,6.92,500,24,2,5,1,0,150,19,2028,293,107,0,0,0,0,0,0.14,0,0.12,0,0,0,0,0,0,0,0,0,0,0,0,0
Sat Apr 02 2022,6,266.67,7.82,124,15,0,0,2,0,45,21,649,81,31,0,0,0,0,0,0,0,0,0,0,0,0,0,0,0,0,0,0,0,0,0
Sun Apr 03 2022,0,0,0,0,0,0,0,0,0,0,0,0,0,0,0.52,0,0,0,0,0.01,0,0,0,0,0,1,1,0,0,0,0,0,0,0,0
Mon Apr 04 2022,0,0,0,0,0,3,0,0,0,7,0,0,0,2,0,0,0,0,0,0,0,0,0,0,0,0,0,0,0,0,0,0,0,0,0
Tue Apr 05 2022,18,317.65,8.54,478,26,0,1,0,0,131,16,1734,204,83,0.39,0,0,0,0,0.19,0,0,0,0,0,1,1,0,0,0,0,0,0,0,0
Wed Apr 06 2022,21,311.11,13.28,717,30,0,6,3,4.26,177,36,3213,243,123,0.52,0,0,0,0,0.18,0,0.16,0,0,0,1,1,0,0,0,0,0,0,0,0
Thu Apr 07 2022,24,367.66,11.07,469,24,4,3,1,1.73,156,25,2601,235,113,0,0,0,0,0,0.15,0,0.4,0,0,0,0,0,0,0,0,0,0,0,0,0
Fri Apr 08 2022,15,281.25,16.83,438,32,0,7,4,8.11,176,35,3231,192,113,0.93,1.67,0,0,0,0.3,0,0,0,0,3,2,2,0,0,0,0,0,0,0,0
Sat Apr 09 2022,3,450,18.28,37,9,0,1,0,10.5,14,22,457,24,14,0.52,1.67,0.52,0,1.02,0.01,0,0,0,0,3,1,1,0,0,1,1,0,0,0,0
Sun Apr 10 2022,0,0,0,0,0,0,0,0,0,0,0,0,0,0,0.39,0,0,0,0,0.01,0,0,0,0,0,1,1,0,0,0,0,0,0,0,0
Mon Apr 11 2022,6,266.67,13.6,266,21,0,2,1,9.44,114,52,1102,81,91,0,0,0,0,0,0.19,0,0,0,0,0,0,0,0,0,0,0,0,0,0,0
Tue Apr 12 2022,21,328.7,12.91,477,34,2,2,2,17.19,185,48,2996,230,134,0.52,0,0,0,0,0.34,0,0,0,0,0,1,1,0,0,0,0,0,0,0,0
Wed Apr 13 2022,24,360,12.9,529,31,1,3,2,11.71,158,36,3083,240,115,1.82,0.56,0,0,0.01,0.19,0,0.4,0,0,1,3,2,1,0,0,0,0,0,0,0
Thu Apr 14 2022,33,351.48,9.47,711,35,0,3,6,6.14,294,26,3211,338,177,0.94,0.56,0,0,0,0.34,0,2.2,0,0,1,2,2,0,0,0,0,0,0,0,0
Fri Apr 15 2022,3,450,15.71,92,14,0,0,0,2.12,19,19,377,24,15,1.3,1.12,0,0,0,0,0,2,0,0,2,3,3,0,0,0,0,0,0,0,0
Sat Apr 16 2022,0,0,0,0,0,0,0,0,0,1,0,0,0,1,0,0.56,0,0,0,0,0,0,0,0,1,0,0,0,0,0,0,0,0,0,0
Sun Apr 17 2022,0,0,0,1,1,0,0,1,0,0,0,0,0,0,0,0,0,0,0,0,0,0,0,0,0,0,0,0,0,0,0,0,0,0,0
Mon Apr 18 2022,15,313.95,13.16,546,26,0,2,4,4.81,149,28,2264,172,110,0,0,0,0,0,0.21,0,0,0,0,0,0,0,0,0,0,0,0,0,0,0
Tue Apr 19 2022,18,341.05,17.83,565,26,0,2,1,10.51,168,39,3388,190,120,2.17,0.56,0,0,0,0.12,0,1.6,0,0,1,2,2,0,0,0,0,0,0,0,0
Wed Apr 20 2022,18,362.01,12.57,522,31,0,3,3,2.98,166,28,2250,179,114,0.52,0,0,0,0,0.25,0,0.4,0,0,0,1,1,0,0,0,0,0,0,0,0
Thu Apr 21 2022,30,328.27,16.57,668,38,9,11,4,9.44,313,48,5453,329,190,0,1.12,0,0,0,0.17,0,0,0,0,2,0,0,0,0,0,0,0,0,0,0
Fri Apr 22 2022,27,318.69,12.48,632,26,7,24,3,0.1,202,21,3818,305,114,0,0,0,0,0,0.16,0,1.36,0,0,0,0,0,0,0,0,0,0,0,0,0
Sat Apr 23 2022,6,322.39,18.37,332,17,60,2,2,0,49,23,1231,67,44,0,0,0,0,2.04,0,0,0.8,0,0.01,0,0,0,0,0,0,0,0,0,0,0
Sun Apr 24 2022,45,355.26,25.9,817,47,0,5,7,23.06,623,161,11838,456,511,0.94,1.66,2.21,0,0,0.87,0,0.8,0,0,1,2,2,0,0,5,5,0,0,0,0
Mon Apr 25 2022,21,345.21,16.25,712,30,0,1,4,8.27,212,73,3542,219,149,1.05,0,0,0,0,0.35,0,1.2,0,0,0,2,2,0,0,0,0,0,0,0,0
Tue Apr 26 2022,36,350.27,18.2,1057,44,0,2,10,17.05,364,81,6715,370,238,2.37,1.67,5.32,0,0,0.62,0,0.36,0,0,3,5,5,0,0,10,10,0,0,0,0
Wed Apr 27 2022,27,329.49,32.64,815,35,9,3,10,23.31,633,373,9628,295,447,1.06,0,0.49,0,0.02,0.29,0,1.72,0,0,0,2,2,0,0,1,1,0,0,0,0
Thu Apr 28 2022,30,351.79,49.75,485,32,0,5,3,41.26,1055,832,15323,307,894,1.05,0,0,0,0,1.72,0,0.2,0,0,0,2,2,0,0,0,0,0,0,0,0
Fri Apr 29 2022,27,368.18,32.27,1126,41,2,27,0,22.85,349,106,8520,264,228,0.49,2.77,0,0,0.02,0.4,0,0.08,0,0,3,1,1,0,0,0,0,0,0,0,0
Sat Apr 30 2022,6,322.39,26.84,237,15,21,5,0,9.12,91,38,1798,67,79,0.48,0,0,0,0.03,0,0,4.96,0,0,0,1,1,0,0,0,0,0,0,0,0
Sun May 01 2022,0,0,0,2,2,0,0,0,0,2,0,0,0,2,0,0,0,0,0,0.01,0,0,0,0,0,0,0,0,0,0,0,0,0,0,0
Mon May 02 2022,18,364.04,17.24,367,29,0,5,4,4.73,198,76,3068,178,139,0,0,0,0,0,0.24,0,0,0,0,0,0,0,0,0,0,0,0,0,0,0
Tue May 03 2022,18,300,17.47,465,29,0,6,2,14.5,216,79,3773,216,142,0,0,0,0,0,0.14,0,0.8,0,0.01,0,0,0,0,0,0,0,0,0,0,0
Wed May 04 2022,21,320.34,23.23,995,44,3,23,7,11.54,284,78,5483,236,202,0,0.5,0,0,0.01,0.2,0,0,0,0,1,0,0,0,0,0,0,0,0,0,0
Thu May 05 2022,18,346.52,15.1,388,30,0,1,3,2.2,155,33,2824,187,91,0.36,0.5,0,0,0.02,0.15,0,5.48,0,0,1,1,1,0,0,0,0,0,0,0,0
Fri May 06 2022,21,330.13,19.65,484,28,24,9,1,7.82,254,60,4500,229,190,0.48,0,0,0,0,0.34,0,0.2,0,0,0,1,1,0,0,0,0,0,0,0,0
Sat May 07 2022,9,372.41,24.11,273,20,0,4,3,23.64,77,33,2098,87,68,0,0,0,0,0,0,0,0.8,0,0,0,0,0,0,0,0,0,0,0,0,0
Sun May 08 2022,0,0,0,1,1,0,0,0,0,1,0,0,0,1,0.87,0,0,0,0,0.01,0,0,0,0,0,2,2,0,0,0,0,0,0,0,0
Mon May 09 2022,18,352.17,13.89,411,28,0,3,2,14.44,159,59,2555,184,114,0,0,0,0,0,0.19,0,0,0,0,0,0,0,0,0,0,0,0,0,0,0
Tue May 10 2022,21,350,17.06,527,32,0,0,4,14.73,168,37,3686,216,129,2.92,1,0,0,0.02,0.1,0,0.56,0,0,2,2,1,0,1,0,0,0,0,0,0
Wed May 11 2022,21,312.4,13.44,444,33,1,7,6,4.75,224,39,3239,242,151,0,0.5,0,0,0,0.12,0,0.2,0,0,1,0,0,0,0,0,0,0,0,0,0
Thu May 12 2022,27,395.12,16.73,782,33,10,4,1,9.46,201,28,4100,246,118,0.47,0,0,0,0,0.11,0,0.2,0,0,0,1,1,0,0,0,0,0,0,0,0
Fri May 13 2022,21,325.86,17.84,474,27,14,6,3,10.39,216,39,4156,232,131,1.61,1.5,0,0,0.02,0.11,0,1.76,0,0,3,3,2,1,0,0,0,0,0,0,0
Sat May 14 2022,6,348.39,16.48,129,11,10,2,0,0,26,20,1022,62,22,0.95,0.5,0,0,0.01,0,0,0.8,0,0,1,2,2,0,0,0,0,0,0,0,0
Sun May 15 2022,0,0,0,0,0,0,0,0,0,0,0,0,0,0,0.92,0,0,0,0,0,0,0,0,0,0,2,2,0,0,0,0,0,0,0,0
Mon May 16 2022,15,305.08,20.12,653,37,1,7,1,16.94,186,48,3541,177,128,0,0,0,0,0,0.35,0,0,0,0,0,0,0,0,0,0,0,0,0,0,0
Tue May 17 2022,21,325.86,18.46,635,34,0,2,4,8.37,155,33,4302,232,108,0,1.99,0,0,0.28,0.2,0,0.2,0,0,4,0,0,0,0,0,0,0,0,0,0
Wed May 18 2022,21,360,15.32,485,34,0,8,2,5.5,216,102,3217,210,166,0,1,2.67,0,0.95,0.14,0,1.12,0,0,2,0,0,0,0,5,5,0,0,0,0
Thu May 19 2022,21,348.39,19.15,464,31,0,0,3,6.83,167,35,4156,217,109,2.15,0,0,0,0.09,0.18,0,1.32,0,0,0,2,2,0,0,0,0,0,0,0,0
Fri May 20 2022,18,289.29,16.06,1105,32,2,8,1,0.67,162,26,3597,224,94,0.49,1,1.04,0,1,0.25,0,0.56,0,0,2,1,1,0,0,2,2,0,0,0,0
Sat May 21 2022,9,483.58,9.9,79,11,1,2,4,0.6,46,16,663,67,41,0,2.15,10.75,0,0.11,0.01,0,4.56,0,0,2,0,0,0,0,22,22,0,0,0,0
Sun May 22 2022,0,0,0,0,0,5,7,0,0,1,0,0,0,1,0,0,0,0,0,0,0,0,0,0,0,0,0,0,0,0,0,0,0,0,0
Mon May 23 2022,12,306.38,21.52,543,31,0,4,2,8.87,157,34,3034,141,92,0,0,0,0,0,0.13,0,0,0,0,0,0,0,0,0,0,0,0,0,0,0
Tue May 24 2022,0,0,0,2,2,0,0,0,0,2,0,0,0,1,0.39,1.5,0,0,0,0,0,0.6,0,0,3,1,1,0,0,0,0,0,0,0,0
Wed May 25 2022,18,360,21.11,629,42,0,7,1,6.11,182,35,3799,180,114,1.08,0,0,0,0,0.49,0,0,0,0,0,2,2,0,0,0,0,0,0,0,0
Thu May 26 2022,24,324.81,17.83,652,40,0,5,13,2.92,209,31,4724,266,137,1.51,0.5,0,0,0.04,0.27,0,1.6,0,0,1,3,3,0,0,0,0,0,0,0,0
Fri May 27 2022,18,335.75,25.4,991,48,0,12,7,2.69,317,41,4902,193,162,1.07,0.5,0,0,0.01,0.8,0,0.4,0,0,1,2,2,0,0,0,0,0,0,0,0
Sat May 28 2022,0,0,31.21,176,21,4,4,0,3.04,16,35,593,19,13,1.08,1.5,0,0,0.05,0.01,0,0.84,0,0,3,2,2,0,0,0,0,0,0,0,0
Sun May 29 2022,0,0,0,0,0,0,0,0,0,2,0,0,0,1,0.51,0,0,0,0,0,0,0,0,0,0,1,1,0,0,0,0,0,0,0,0
Mon May 30 2022,18,364.04,18.59,298,32,0,4,1,17.98,189,42,3309,178,155,0,0,0,0,0,0.27,0,0,0,0,0,0,0,0,0,0,0,0,0,0,0
Tue May 31 2022,15,279.79,15.77,355,26,0,6,2,6.54,127,28,3043,193,87,0,1,0,0,0.2,0.13,0,0.4,0,0,2,0,0,0,0,0,0,0,0,0,0
Wed Jun 01 2022,0,0,0,0,0,0,0,0,0,0,0,0,0,0,0,0.51,0,0,0,0,0,0.96,0,0,1,0,0,0,0,0,0,0,0,0,0
Thu Jun 02 2022,0,0,0,0,0,0,0,0,0,0,0,0,0,0,0,0,0,0,0,0,0,0,0,0,0,0,0,0,0,0,0,0,0,0,0
Fri Jun 03 2022,0,0,0,0,0,0,0,0,0,4,0,0,0,4,0,0,0,0,0,0,0,0,0,0,0,0,0,0,0,0,0,0,0,0,0
Sat Jun 04 2022,0,0,0,0,0,0,0,0,0,0,0,0,0,0,0,0,0,0,0,0.01,0,0,0,0,0,0,0,0,0,0,0,0,0,0,0
Sun Jun 05 2022,0,0,0,0,0,0,0,0,0,0,0,0,0,0,0.38,0.51,0,0,0,0,0,0,0,0,1,1,1,0,0,0,0,0,0,0,0
Mon Jun 06 2022,15,305.08,15.5,424,37,0,3,5,4.88,181,47,2728,177,130,0.51,0,0,0,0,0.14,0,0,0,0,0,1,1,0,0,0,0,0,0,0,0
Tue Jun 07 2022,15,308.57,22.12,275,23,0,5,2,31.13,293,108,3871,175,229,0,0.51,0,0,0,0.31,0,1.96,0,0,1,0,0,0,0,0,0,0,0,0,0
Wed Jun 08 2022,15,335.4,13.22,280,26,0,7,1,6.5,107,20,2155,161,72,0.95,0.51,0,0,0,0.16,0,0.92,0,0,1,2,2,0,0,0,0,0,0,0,0
Thu Jun 09 2022,0,0,0,0,0,0,1,0,0,1,0,0,0,1,0.41,0,0,0,0,0,0,0.4,0,0,0,1,1,0,0,0,0,0,0,0,0
Fri Jun 10 2022,0,0,0,0,0,0,0,0,0,7,0,0,0,7,3.08,0,0,0,0,0,0,0,0,0,0,2,1,0,1,0,0,0,0,0,0
Sat Jun 11 2022,0,0,0,0,0,0,0,0,0,0,0,0,0,0,0,0,0,0,0,0.01,0,0,0,0,0,0,0,0,0,0,0,0,0,0,0
Sun Jun 12 2022,0,0,0,1,1,0,0,1,0,0,0,0,0,0,0.48,0,0,0,0,0,0,0,0,0,0,1,1,0,0,0,0,0,0,0,0
Mon Jun 13 2022,15,310.34,18.55,528,37,0,4,3,1.06,172,39,3210,174,119,1.17,0,0,0,0,0.28,0,0,0,0,0,2,1,1,0,0,0,0,0,0,0
Tue Jun 14 2022,21,393.75,11.28,591,26,0,2,1,0,100,33,2166,192,78,1.78,1.02,0.37,0,1,0.07,0,1.6,0,0,2,4,4,0,0,1,1,0,0,0,0
Wed Jun 15 2022,15,303.37,14.02,768,29,14,12,4,2.86,157,30,2482,178,114,1.43,0,0,0,0,0.17,0,0.16,0,0,0,3,3,0,0,0,0,0,0,0,0
Thu Jun 16 2022,28.5,510.45,20.77,643,40,6,2,13,13.09,243,82,4155,201,196,0.35,0,0.44,0,0.11,0.43,0,0.4,0,0,0,1,1,0,0,1,1,0,0,0,0
Fri Jun 17 2022,22.5,470.93,16.67,366,31,2,4,10,23.05,172,45,2850,172,95,0,0.51,2.61,0,0.01,0.44,0,0,0,0,1,0,0,0,0,5,5,0,0,0,0
Sat Jun 18 2022,12.5,511.36,19.09,95,18,0,0,11,24.82,88,50,1680,88,70,0,0,0,0,0,0.01,0,2.56,0,0,0,0,0,0,0,0,0,0,0,0,0
Sun Jun 19 2022,0,0,0,0,0,0,0,0,0,0,0,0,0,0,2.13,0,0,0,0,0,0,0,0,0,0,2,2,0,0,0,0,0,0,0,0
Mon Jun 20 2022,0,0,0,0,0,0,0,0,0,1,0,0,0,1,0,0,0,0,0,0,0,0,0,0,0,0,0,0,0,0,0,0,0,0,0
Tue Jun 21 2022,22.5,445.05,11.13,494,23,0,0,1,0,107,18,2026,182,67,0,0,0,0,0,0.22,0,0,0,0,0,0,0,0,0,0,0,0,0,0,0
Wed Jun 22 2022,30,500,10.41,357,25,0,2,0,0,98,17,2249,216,73,0.82,0.51,2.48,0,0.83,0.17,0,4,0,0,1,2,2,0,0,6,6,0,0,0,0
Thu Jun 23 2022,27.5,471.43,16.61,555,34,0,3,5,0.83,137,36,3489,210,89,0,0.51,0,0,0,0.22,0,0,0,0,1,0,0,0,0,0,0,0,0,0,0
Fri Jun 24 2022,30,484.3,14.01,521,30,1,7,1,3.78,134,30,3124,223,91,0,0.51,0,0,0,0.21,0,0,0,0,1,0,0,0,0,0,0,0,0,0,0
Sat Jun 25 2022,5,750,22.08,50,9,0,0,0,13.21,12,28,530,24,12,1.05,0.51,0.42,0,0.01,0,0,2.72,0,0,1,2,2,0,0,1,1,0,0,0,0
Sun Jun 26 2022,0,0,0,36,3,0,0,0,0,2,0,0,0,2,1.38,0,0,0,0.01,0,0,0,0,0,0,3,3,0,0,0,0,0,0,0,0
Mon Jun 27 2022,22.5,457.63,17.25,394,29,0,4,5,3.77,144,37,3053,177,105,0.97,0,0,0,0,0.49,0,0,0,0,0,2,2,0,0,0,0,0,0,0,0
Tue Jun 28 2022,30,469.57,19.42,564,39,0,4,2,18.43,216,36,4466,230,151,1.02,0.51,0,0,0,0.57,0,0.4,0,0,1,2,2,0,0,0,0,0,0,0,0
Wed Jun 29 2022,30,461.54,11.13,418,28,1,0,0,12.09,126,51,2605,234,103,0.46,1.53,0,0,0,0.08,0,1.32,0,0,3,1,1,0,0,0,0,0,0,0,0
Thu Jun 30 2022,22.5,450,16.4,660,25,0,1,0,14.57,137,31,2952,180,111,0,0.51,0,0,0,0.34,0,0.2,0,0,1,0,0,0,0,0,0,0,0,0,0
Fri Jul 01 2022,7.5,642.86,17.26,71,8,0,0,1,21.97,27,20,742,42,19,0.42,0,0,0,0,0,0,0,0,0,0,1,1,0,0,0,0,0,0,0,0
Sat Jul 02 2022,0,0,0,1,1,0,0,1,0,1,0,0,0,1,0,0,0,0,0,0.01,0,0,0,0,0,0,0,0,0,0,0,0,0,0,0
Sun Jul 03 2022,0,0,0,0,0,0,0,0,0,0,0,0,0,0,0,0,0,0,0,0,0,0,0,0,0,0,0,0,0,0,0,0,0,0,0
Mon Jul 04 2022,22.5,457.63,31.63,300,34,0,4,23,24.38,705,292,5598,177,577,0,0,0,0,0,0.46,0,0,0,0,0,0,0,0,0,0,0,0,0,0,0
Tue Jul 05 2022,30,493.15,20.23,480,24,0,6,2,22.12,219,65,4431,219,156,0.78,0.51,0,0,0,0.33,0,2,0,0,1,2,2,0,0,0,0,0,0,0,0
Wed Jul 06 2022,32.5,451.74,23.05,694,55,48,0,9,25.01,572,142,5969,259,485,0.45,0.51,0,0,0,0.36,0,1.2,0,0,1,1,1,0,0,0,0,0,0,0,0
Thu Jul 07 2022,2.5,473.68,17.47,58,13,0,0,0,0,18,22,332,19,14,0.41,1.01,0,0,0,0,0,1.8,0,0,2,1,1,0,0,0,0,0,0,0,0
Fri Jul 08 2022,20,452.83,11.87,406,24,1,4,2,0,146,18,1888,159,98,0.83,0.51,0,0,0,0.07,0,0,0,0,1,2,2,0,0,0,0,0,0,0,0
Sat Jul 09 2022,0,0,0,0,0,0,0,0,0,1,0,0,0,1,0,0,0,0,0.01,0,0,0.08,0,0,0,0,0,0,0,0,0,0,0,0,0
Sun Jul 10 2022,0,0,0,0,0,0,0,0,0,0,0,0,0,0,2.87,0,0,0,0,0,0,0,0,0,0,2,1,0,1,0,0,0,0,0,0
Mon Jul 11 2022,22.5,445.05,8.59,324,23,0,1,3,0,115,17,1554,182,85,0,0,0,0,0,0.19,0,0,0,0,0,0,0,0,0,0,0,0,0,0,0
Tue Jul 12 2022,27.5,473.68,15.35,402,33,0,1,4,9.57,233,52,3209,209,171,0.45,1.01,0,0,0.52,0.66,0,0.4,0,0,2,1,1,0,0,0,0,0,0,0,0
Wed Jul 13 2022,10,600,25.87,139,18,0,1,6,16.79,112,49,1578,60,96,1.38,0.51,0,0,0,0,0,1.12,0,0,1,3,2,1,0,0,0,0,0,0,0
Thu Jul 14 2022,22.5,470.93,10.75,124,20,0,7,1,20.34,125,23,1849,172,101,0.77,0,0,0,0,0.24,0,0,0,0,0,2,2,0,0,0,0,0,0,0,0
Fri Jul 15 2022,25,476.19,14.55,302,34,0,3,8,11.07,149,40,2736,189,115,1.88,0,0,0,1,0.18,0,0,0,0,0,4,4,0,0,0,0,0,0,0,0
Sat Jul 16 2022,0,0,19.82,35,9,0,0,0,4.13,20,29,218,11,16,0.32,1.01,0,0,0.13,0.01,0,0,0,0,2,1,1,0,0,0,0,0,0,0,0
Sun Jul 17 2022,0,0,0,0,0,0,0,0,0,0,0,0,0,0,0,0,0,0,0,0,0,0,0,0,0,0,0,0,0,0,0,0,0,0,0
Mon Jul 18 2022,27.5,454.13,9.93,145,21,0,0,2,17.4,183,66,2155,218,147,0.41,0,0,0,0,0.36,0,0,0,0,0,1,1,0,0,0,0,0,0,0,0
Tue Jul 19 2022,32.5,466.14,15.4,384,28,0,5,2,8.36,195,25,3850,251,140,2.48,0,0,0,1.5,0.12,0,0.2,0,0,0,3,3,0,0,0,0,0,0,0,0
Wed Jul 20 2022,2.5,1285.71,12.71,25,8,0,0,0,0,12,13,89,7,11,0,0.51,0,0,0,0,0,0,0,0,1,0,0,0,0,0,0,0,0,0,0
Thu Jul 21 2022,0,0,0,0,0,1,0,0,0,2,0,0,0,2,0.4,0,0,0,0,0,0,0,0,0,0,1,1,0,0,0,0,0,0,0,0
Fri Jul 22 2022,0,0,0,2,1,1,0,2,0,0,0,0,0,0,0,0,0,0,0,0,0,0,0,0,0,0,0,0,0,0,0,0,0,0,0
Sat Jul 23 2022,0,0,0,0,0,1,0,0,0,1,0,0,0,1,0,0,0,0,0,0,0,0,0,0,0,0,0,0,0,0,0,0,0,0,0
Sun Jul 24 2022,0,0,0,0,0,0,0,0,0,1,0,0,0,1,0,0,0,0,0,0,0,0,0,0,0,0,0,0,0,0,0,0,0,0,0
Mon Jul 25 2022,20,470.59,20.86,660,38,0,0,8,13.34,196,88,3170,153,160,1.03,0,0,0,0,0.28,0,0,0,0,0,2,2,0,0,0,0,0,0,0,0
Tue Jul 26 2022,20,426.04,20.6,241,32,0,0,12,21.71,230,106,3482,169,184,0.45,1.01,0,0,6.03,0.39,0,0,0,0,2,1,1,0,0,0,0,0,0,0,0
Wed Jul 27 2022,22.5,457.63,11.6,367,31,1,3,9,3.6,138,27,2054,177,114,1.39,0,0,0,0,0.33,0,0,0,0,0,3,3,0,0,0,0,0,0,0,0
Thu Jul 28 2022,32.5,497.87,19.23,557,36,4,6,5,15.71,303,72,4538,235,225,1.02,0,0,0,0,0.67,0,0,0,0,0,2,2,0,0,0,0,0,0,0,0
Fri Jul 29 2022,17.5,450,22.3,462,45,4,5,17,13.61,212,41,3122,140,143,1.27,1.52,0,0,0,0.27,0,0.4,0,0,3,3,3,0,0,0,0,0,0,0,0
Sat Jul 30 2022,5,461.54,28.9,113,25,0,0,4,3.89,50,34,1156,39,41,0,1.52,0,0,0.5,0,0,0.76,0,0,3,0,0,0,0,0,0,0,0,0,0
Sun Jul 31 2022,0,0,0,1,1,0,0,1,0,0,0,0,0,0,0,0,0,0,0,0,0,0,0,0,0,0,0,0,0,0,0,0,0,0,0
Mon Aug 01 2022,20,461.54,19.79,491,35,0,2,6,9.39,210,47,3088,156,152,0,0,0,0,0,0.16,0,0,0,0,0,0,0,0,0,0,0,0,0,0,0
Tue Aug 02 2022,25,489.13,26.62,538,30,3,5,5,25.8,306,133,5217,184,266,0,0.51,0,0,2.01,0.32,0,0,0,0,1,0,0,0,0,0,0,0,0,0,0
Wed Aug 03 2022,25,450,13.35,396,31,0,6,2,7.08,154,23,2684,200,113,0,0,0,0,0,0.19,0,0.4,0,0,0,0,0,0,0,0,0,0,0,0,0
Thu Aug 04 2022,25,497.24,12.51,300,23,0,9,1,0.18,134,20,2265,181,94,0,0.51,0,0,0,0.14,0,0.2,0,0,1,0,0,0,0,0,0,0,0,0,0
Fri Aug 05 2022,25,486.49,9.19,300,23,15,4,4,1.4,112,22,1718,185,79,0.34,0,0,0,0,0.07,0,0.88,0,0,0,1,1,0,0,0,0,0,0,0,0
Sat Aug 06 2022,2.5,900,7.5,23,4,0,0,0,0,4,8,75,10,4,0.47,0,0,0,0,0,0,0.16,0,0,0,1,1,0,0,0,0,0,0,0,0
Sun Aug 07 2022,0,0,0,0,0,0,0,0,0,0,0,0,0,0,0,0,0,0,0,0,0,0,0,0,0,0,0,0,0,0,0,0,0,0,0
Mon Aug 08 2022,20,444.44,13.49,409,21,0,5,1,0,122,22,2185,162,87,0.47,0,0,0,0,0.2,0,0,0,0,0,1,1,0,0,0,0,0,0,0,0
Tue Aug 09 2022,37.5,515.27,15.8,661,26,0,2,0,11.01,200,48,4140,262,156,0.4,1.53,1.53,0,0,0.24,0,1.04,0,0,3,1,1,0,0,3,3,0,0,0,0
Wed Aug 10 2022,27.5,450,10.1,334,19,0,1,0,0.27,141,17,2221,220,82,0,1.02,0.47,0,0,0.11,0,2.68,0,0,2,0,0,0,0,1,1,0,0,0,0
Thu Aug 11 2022,22.5,395.12,13.5,463,25,0,1,2,14.34,191,36,2768,205,108,0,0,0,0,0,0.36,0,0.8,0,0,0,0,0,0,0,0,0,0,0,0,0
Fri Aug 12 2022,20,496.55,19.14,438,19,0,0,0,23.5,67,24,2775,145,58,0.48,0,0,0,0,0,0,0.16,0,0,0,1,1,0,0,0,0,0,0,0,0
Sat Aug 13 2022,0,0,0,0,0,0,0,0,0,2,0,0,0,2,1.5,0.51,0,0,0,0,0,0,0,0,1,3,2,1,0,0,0,0,0,0,0
Sun Aug 14 2022,0,0,0,0,0,0,0,0,0,1,0,0,0,1,0.35,0,0,0,0,0,0,0,0,0,0,1,1,0,0,0,0,0,0,0,0
Mon Aug 15 2022,0,0,0,0,0,0,0,0,0,4,0,0,0,3,1.92,0,0,0,0,0,0,0,0,0,0,4,4,0,0,0,0,0,0,0,0
Tue Aug 16 2022,0,0,0,0,0,0,0,0,0,3,0,0,0,3,0,0,0,0,0,0,0,0,0,0,0,0,0,0,0,0,0,0,0,0,0
Wed Aug 17 2022,15,428.57,11.39,244,22,0,1,1,0,79,17,1435,126,50,0,1.02,0.99,0,1.05,0.18,0,1.8,0,0,2,0,0,0,0,2,2,0,0,0,0
Thu Aug 18 2022,0,0,0,0,0,0,0,0,0,0,0,0,0,0,0,0,0,0,0,0,0,0,0,0,0,0,0,0,0,0,0,0,0,0,0
Fri Aug 19 2022,0,0,0,0,0,0,0,0,0,2,0,0,0,2,0.43,0,0,0,0,0,0,0,0,0,0,1,1,0,0,0,0,0,0,0,0
Sat Aug 20 2022,0,0,0,0,0,0,0,0,0,1,0,0,0,1,0,0,0,0,0,0,0,0,0,0,0,0,0,0,0,0,0,0,0,0,0
Sun Aug 21 2022,0,0,0,0,0,0,0,0,0,0,0,0,0,0,0.42,0,0,0,0,0,0,0,0,0,0,1,1,0,0,0,0,0,0,0,0
Mon Aug 22 2022,20,461.54,20.88,309,38,0,3,5,14.95,284,61,3278,156,234,0,0,0,0,0,0.27,0,0,0,0,0,0,0,0,0,0,0,0,0,0,0
Tue Aug 23 2022,22.5,460.23,19.69,482,26,0,3,0,15.73,322,80,3465,176,252,0,1.02,0,0,0,0.14,0,0.32,0,0,2,0,0,0,0,0,0,0,0,0,0
Wed Aug 24 2022,22.5,460.23,15.15,307,26,0,5,6,20.78,232,58,2666,176,193,2.44,0,0.86,0,0.05,0.07,0,1.2,0,0,0,3,3,0,0,2,2,0,0,0,0
Thu Aug 25 2022,22.5,447.51,10.59,242,28,3,6,4,18.89,155,51,1906,181,125,1.03,0,0,0,0,0.23,0,3.56,0,0,0,2,2,0,0,0,0,0,0,0,0
Fri Aug 26 2022,2.5,900,14.18,6,4,0,0,0,26.92,12,15,156,10,9,0.48,0,0,0,0.2,0,0,1.92,0,0,0,1,1,0,0,0,0,0,0,0,0
Sat Aug 27 2022,0,0,0,0,0,0,0,0,0,1,0,0,0,1,1.47,0,0,0,0,0,0,0,0,0,0,3,3,0,0,0,0,0,0,0,0
Sun Aug 28 2022,0,0,0,0,0,0,0,0,0,1,0,0,0,1,0.53,0,0,0,0,0,0,0,0,0,0,1,1,0,0,0,0,0,0,0,0
Mon Aug 29 2022,22.5,468.21,10.23,226,19,1,2,0,0,104,16,1759,173,69,0.48,0,0,0,0,0.13,0,0,0,0,0,1,1,0,0,0,0,0,0,0,0
Tue Aug 30 2022,22.5,428.57,10.13,310,17,0,3,0,0,92,16,1914,189,68,0,1.66,0,0,0.01,0.06,0,0,0,0,1,0,0,0,0,0,0,0,0,0,0
Wed Aug 31 2022,0,0,0,1,1,5,0,1,0,6,0,0,0,5,0.43,0.51,0,0,0,0,0,0,0,0,1,1,1,0,0,0,0,0,0,0,0